,,Item,Color ID,Ect.,Type,Spacer
1128,,Clothing,,,Armor,
1129,,Doublet,,,Armor,
1130,,Doublet,,,Armor,
1131,,Tunic,,,Armor,
1132,,Tunic,,,Armor,
1135,,Leather Armor,,,Armor,
1136,,Troll Leather Shirt,,,Armor,
1137,,Leather Tunic,,,Armor,
1138,,Troll Leather Tunic,,,Armor,
1139,,Chain Vest,,,Armor,
1140,,Iron Chain Vest,,,Armor,
1141,,Steel Chain Vest,,,Armor,
1142,,Tempered Steel Chain Vest,,,Armor,
1143,,Mythril Chain Vest,,,Armor,
1144,,Obsidianite Chain Vest,,,Armor,
1145,,Admantium Chain Vest,,,Armor,
1146,,Plate Armor,,,Armor,
1147,,Iron Plate Armor,,,Armor,
1148,,Steel Plate Armor,,,Armor,
1149,,Tempered Steel Plate Armor,,,Armor,
1150,,Mythril Plate Armor,,,Armor,
1151,,Obsidianite Plate Armor,,,Armor,
1152,,Admantium Plate Armor,,,Armor,
1153,,Newbie Shirt,,,Armor,
1154,,Newbie Robe,,,Armor,
1155,,Newbie Leather Shirt,,,Armor,
1156,,Newbie Chain Tunic,,,Armor,
1157,,Knight Tunic,,,Armor,
1158,,Evil Minion Tunic,,,Armor,
1159,,Protector Tunic,,,Armor,
1160,,Champion Tunic,,,Armor,
1161,,Vetr Tunic,,,Armor,
1162,,Hose,,,Armor,
1163,,Hose,,,Armor,
1164,,Long Skirt,,,Armor,
1165,,Long Skirt,,,Armor,
1166,,Short Skirt,,,Armor,
1167,,Short Skirt,,,Armor,
1168,,Leather Pants,,,Armor,
1169,,Troll Leather Pants,,,Armor,
1170,,Long Leather Skirt,,,Armor,
1171,,Troll Leather Skirt,,,Armor,
1172,,Leather Skirt,,,Armor,
1173,,Troll Short Skirt,,,Armor,
1174,,Chain Leggings,,,Armor,
1175,,Iron Leggings,,,Armor,
1176,,Steel Leggings,,,Armor,
1177,,Tempered Steel Leggings,,,Armor,
1178,,Mythril Leggings,,,Armor,
1179,,Obsidianite Leggings,,,Armor,
1180,,Admantium Leggings,,,Armor,
1181,,Platemail Greaves,,,Armor,
1182,,Iron Greaves,,,Armor,
1183,,Steel Greaves,,,Armor,
1184,,Tempered Steel Greaves,,,Armor,
1185,,Mythril Greaves,,,Armor,
1186,,Obsidianite Greaves,,,Armor,
1187,,Admantium Greaves,,,Armor,
1188,,New Character Hose,,,Armor,
1189,,Newbie Skirt,,,Armor,
1190,,Newbie Leather Skirt,,,Armor,
1191,,Newbie Leather Pants,,,Armor,
1192,,Newbie Chain Pants,,,Armor,
1193,,Shoes,,,Armor,
1194,,High Boots,,,Armor,
1195,,High Boots,,,Armor,
1196,,Low Boots,,,Armor,
1197,,Low Boots,,,Armor,
1198,,Leather Boots,,,Armor,
1199,,Troll Leather Boots,,,Armor,
1200,,Leather Low Boots,,,Armor,
1201,,Troll Low Boots,,,Armor,
1202,,Sollerets,,,Armor,
1203,,Iron Sollerets,,,Armor,
1204,,Steel Sollerets,,,Armor,
1205,,Tempered Steel Sollerets,,,Armor,
1206,,Mythril Sollerets,,,Armor,
1207,,Obsidianite Sollerets,,,Armor,
1208,,Admantium Sollerets,,,Armor,
1209,,Boots of Nimbleness,,,Armor,
1210,,Boots of Tripping,,,Armor,
1211,,Starting Boots,,,Armor,
1212,,Newbie Leather Boots,,,Armor,
1213,,Newbie Sollerets,,,Armor,
1214,,Helmet,,,Armor,
1215,,Iron Helmet,,,Armor,
1216,,Steel Helmet,,,Armor,
1217,,Tempered Steel Helmet,,,Armor,
1218,,Mythril Helmet,,,Armor,
1219,,Obsidianite Helmet,,,Armor,
1220,,Admantium Helmet,,,Armor,
1221,,Wizard Hat,,,Armor,
1222,,Iron Legion Helmet,,,Armor,
1223,,Iron Minerva Helmet,,,Armor,
1224,,Steel Legion Helmet,,,Armor,
1225,,Steel Minerva Helmet,,,Armor,
1226,,Tempered Steel Legion Helmet,,,Armor,
1227,,Tempered Steel Minerva Helmet,,,Armor,
1228,,Mythril Legion Helmet,,,Armor,
1229,,Mythril Minerva Helmet,,,Armor,
1230,,Obsidianite Legion Helmet,,,Armor,
1231,,Obsidianite Minerva Helmet,,,Armor,
1232,,Admantium Legion Helmet,,,Armor,
1233,,Admantium Minerva Helmet,,,Armor,
1234,,Helm of Nourishment,,,Armor,
1235,,Night Soul,,,Armor,
1236,,Nightmare Helm,,,Armor,
1237,,Centurion Helm,,,Armor,
1238,,Helmet of Intelligence,,,Armor,
1239,,Masked Bandanna,,,Armor,
1240,,Thief's Mask,,,Armor,
1241,,Cloth Hood,,,Armor,
1242,,Hood of Shifting,,,Armor,
1243,,Viking Helmet,,,Armor,
1244,,Berserker's Helmet,,,Armor,
1245,,Saurian Helm,,,Armor,
1246,,Helmet of Defense,,,Armor,
1247,,Warrior's Helm,,,Armor,
1248,,Tribune Helm,,,Armor,
1249,,Helmet of the Conquerer,,,Armor,
1250,,Raptor Helm,,,Armor,
1251,,Helm of the Predator,,,Armor,
1252,,Druidic Helm,,,Armor,
1253,,Helm of the Fianna,,,Armor,
1254,,Warrior's Helm,,,Armor,
1255,,Huntress Helm,,,Armor,
1256,,Ranger's Helm,,,Armor,
1257,,Mage's Hat,,,Armor,
1258,,Uplander's Helm,,,Armor,
1259,,Helm of the Khan,,,Armor,
1260,,Courtier's Hat,,,Armor,
1261,,Lady of The Realm Hat,,,Armor,
1262,,Village Idiot's Hat,,,Armor,
1263,,Jester's Hat,,,Armor,
1264,,Happy Harvest Helmet,,,Armor,
1265,,Grumpy Harvest Helmet,,,Armor,
1266,,Cyclops Harvest Helmet,,,Armor,
1267,,Masked Harvest Helmet,,,Armor,
1268,,Wolf Harvest Helmet,,,Armor,
1269,,Gremlin Harvest Helmet,,,Armor,
1270,,Snow Beanie,,,Armor,
1271,,Cowl,,,Armor,
1272,,Cowl,,,Armor,
1273,,Leather Cowl,,,Armor,
1274,,Troll Leather Cowl,,,Armor,
1275,,Chain Cowl,,,Armor,
1276,,Iron Cowl,,,Armor,
1277,,Steel Cowl,,,Armor,
1278,,Tempered Steel Cowl,,,Armor,
1279,,Mythril Cowl,,,Armor,
1280,,Obsidianite Cowl,,,Armor,
1281,,Admantium Cowl,,,Armor,
1282,,Newbie Cowl,,,Armor,
1283,,Newbie Cowl,,,Armor,
1284,,Wristband,,,Armor,
1285,,Silverbands,,,Armor,
1286,,Goldbands,,,Armor,
1287,,Iron Wristbands,,,Armor,
1288,,Steel Wristbands,,,Armor,
1289,,Tempered Steel Wristbands,,,Armor,
1290,,Mythril Wristbands,,,Armor,
1291,,Obsidianite Wristbands,,,Armor,
1292,,Admantium Wristbands,,,Armor,
1293,,Newbie Bracers,,,Armor,
1448,,Shield,,,Armor,
1449,,Wooden Shield,,,Armor,
1450,,Bronze Shield,,,Armor,
1451,,Large Shield,,,Armor,
1452,,Kinght's Shield,,,Armor,
1453,,Wooden Round Shield,,,Armor,
1454,,Iron Round Shield,,,Armor,
1455,,Steel Round Shield,,,Armor,
1456,,Tempered Steel Round Shield,,,Armor,
1457,,Mythril Round Shield,,,Armor,
1458,,Obsidianite Round Shield,,,Armor,
1459,,Admantium Round Shield,,,Armor,
1460,,Wooden Tower Shield,,,Armor,
1461,,Iron Tower Shield,,,Armor,
1462,,Steel Tower Shield,,,Armor,
1463,,Tempered Steel Tower Shield,,,Armor,
1464,,Mythril Tower Shield,,,Armor,
1465,,Obsidianite Tower Shield,,,Armor,
1466,,Admantium Tower Shield,,,Armor,
1467,,Small Training Shield,,,Armor,
1468,,Small Training Shield,,,Armor,
1469,,Large Training Shield,,,Armor,
1478,,Enchanted Chain Tunic,,,Armor,
1479,,Enchanted Plate Tunic,,,Armor,
1480,,Dragonscale Plate,,,Armor,
1481,,Plate of Insulation,,,Armor,
1482,,Plate of Density,,,Armor,
1483,,Plate of Invulnerability,,,Armor,
1484,,Imbued Garment,,,Armor,
1485,,Magistrate's Vest,,,Armor,
1486,,Legacy Chainmail,,,Armor,
1487,,Reflective Plate,,,Armor,
1488,,Osmium Reinforced Leather Shirt,,,Armor,
1489,,Osmium Reinforced Mythril Plate Armor,,,Armor,
1490,,Iridium Reinforced Leather Shirt,,,Armor,
1491,,Iridium Reinforced Mythril Plate Armor,,,Armor,
1493,,Pants of Invisibility,,,Armor,
1494,,Enchanted Chain Pants,,,Armor,
1495,,Enchanted Plate Pants,,,Armor,
1496,,Greaves of Density,,,Armor,
1497,,Blaze Breeches,,,Armor,
1498,, 'Lectric Leggings,,,Armor,
1499,,Blizzard Britches,,,Armor,
1500,,Pants of Acid,,,Armor,
1501,,Pants of Rusting,,,Armor,
1502,,Glacial Pantaloons,,,Armor,
1503,,Magistrate's Leggings,,,Armor,
1504,,Legacy Chain Leggings,,,Armor,
1505,,Greaves of Resilience,,,Armor,
1506,,Osmium Reinforced Leather Greaves,,,Armor,
1507,,Osmium Reinforced Mythril Greaves,,,Armor,
1508,,Iridium Reinforced Leather Greaves,,,Armor,
1509,,Iridium Reinforced Mythril Greaves,,,Armor,
1510,,Boots of Invisibility,,,Armor,
1511,,Enchanted High Boots,,,Armor,
1512,,Boots of Density,,,Armor,
1513,,Finvarra's Boots,,,Armor,
1514,,Finvarra's Shoes,,,Armor,
1515,,Osmium Reinforced Leather Boots,,,Armor,
1516,,Osmium Reinforced Mythril Sollerets,,,Armor,
1517,,Iridium Reinforced Leather Boots,,,Armor,
1518,,Iridium Reinforced Mythril Sollerets,,,Armor,
1519,,Osmium Reinforced Mythril Helmet,,,Armor,
1520,,Iridium Reinforced Mythril Helmet,,,Armor,
1521,,Enchanted Chain Cowl,,,Armor,
1522,,Cowl of Density,,,Armor,
1523,,Finvarra's Cowl,,,Armor,
1524,,Thurisaz Cowl,,,Armor,
1525,,Osmium Reinforced Leather Cowl,,,Armor,
1526,,Osmium Reinforced Mythril Cowl,,,Armor,
1527,,Iridium Reinforced Leather Cowl,,,Armor,
1528,,Iridium Reinforced Mythril Cowl,,,Armor,
1529,,Bands of Density,,,Armor,
1530,,Bracers of Defense,,,Armor,
1531,,Finvarra's Bracers,,,Armor,
1532,,Osmium Reinforced Mythril Bracers,,,Armor,
1533,,Iridium Reinforced Mythril Bracers,,,Armor,
1588,,EnchantedShield,,,Armor,
1589,,Warding Buckler,,,Armor,
1590,,Protection Glyph,,,Armor,
1591,,Amulet of Adventure,,,Armor,
1592,,Girdle of Might,,,Armor,
1593,,Arch Mage's Pants,,,Armor,
1594,,Arch Mage's Shirt,,,Armor,
1595,,Boots of Evasion,,,Armor,
1596,,Bracers of Battle,,,Armor,
1597,,Breastplate of Battle,,,Armor,
1598,,Cowl of Immortality,,,Armor,
1599,,Greaves of Fortitude,,,Armor,
1600,,Shield of Infinite Thought,,,Armor,
1609,,Thistlebark Sash,,,Armor,
1610,,Ring of Destruction,,,Armor,
1611,,Ring of Power,,,Armor,
1617,,Game Officials,,,Armor,
1618,,Sentinel's Helmet,,,Armor,
1619,,Guide's Helmet,,,Armor,
1620,,Bishop's Hat,,,Armor,
1621,,Duach's Aura,,,Armor,
1622,,Despothes' Crown,,,Armor,
1623,,Implementor's Crown,,,Armor,
2026,,Belt,,,Armor,
2027,,High Boots,,,Armor,
2028,,Cowl,,,Armor,
2029,,Hose,,,Armor,
2030,,Doublet,,,Armor,
2031,,Steel Chain Vest,,,Armor,
2032,,Steel Leggings,,,Armor,
2034,,Wristband,,,Armor,
2035,,Shield,,,Armor,
2036,,Amulet,,,Armor,
2066,,Amulet,,,Armor,
2067,,Hose,,,Armor,
2068,,Doublet,,,Armor,
2069,,High Boots,,,Armor,
2070,,Iron Wristbands,,,Armor,
2071,,Cowl,,,Armor,
2072,,Hose,,,Armor,
2073,,Doublet,,,Armor,
2074,,Cowl,,,Armor,
2075,,Hose,,,Armor,
2076,,Doublet,,,Armor,
2077,,High Boots,,,Armor,
2082,,Helmet,,,Armor,
2104,,Robe,,,Armor,
2106,,Doublet,,,Armor,
2107,,Doublet,,,Armor,
2108,,Hose,,,Armor,
2109,,Hose,,,Armor,
2110,,High Boots,,,Armor,
2120,,Ring,,,Armor,
156,,Unnamed Object,,,Bolt,
164,,Bolt of Fabric,,,Bolt,
165,,Bolt of Leather,,,Bolt,
166,,Bolt of Troll Hide,,,Bolt,
226,,Backpack,,,Container,
227,,Backpack,,,Container,
228,,Backpack,,,Container,
229,,Backpack,,,Container,
230,,Leather Pouch,,,Container,
1470,,Backpack of Holding,,,Container,
1475,,Leather Pouch,,,Container,
1476,,Backpack,,,Container,
1492,,Pants of Holding,,,Container,
1624,,GM Egg,,,Container,
1625,,Olive GM Egg,,,Container,
1626,,Lime GM Egg,,,Container,
1627,,Extra Lime GM Egg,,,Container,
1628,,Lime Blue GM Egg,,,Container,
1629,,Blue GM Egg,,,Container,
1630,,Azure GM Egg,,,Container,
1631,,Light Azure GM Egg,,,Container,
1632,,Blue Red GM Egg,,,Container,
1633,,Red GM Egg,,,Container,
1634,,Pink GM Egg,,,Container,
1635,,Hot Pink GM Egg,,,Container,
1636,,Pink Gold GM Egg,,,Container,
1637,,Gold GM Egg,,,Container,
1638,,Yellow GM Egg,,,Container,
1639,,Light Yellow GM Egg,,,Container,
1640,,Yellow Violet GM Egg,,,Container,
1641,,Violet GM Egg,,,Container,
1642,,Magenta GM Egg,,,Container,
1643,,Light Magenta GM Egg,,,Container,
1644,,Brown GM Egg,,,Container,
1645,,Tan GM Egg,,,Container,
1646,,Light Tan GM Egg,,,Container,
1647,,Tan Aqua GM Egg,,,Container,
1648,,Aqua GM Egg,,,Container,
1649,,Teal GM Egg,,,Container,
1650,,Light Teal GM Egg,,,Container,
1651,,Teal Green GM Egg,,,Container,
1652,,Green GM Egg,,,Container,
1653,,Jade GM Egg,,,Container,
1654,,Orange GM Egg,,,Container,
1655,,Amber GM Egg,,,Container,
1656,,Royal GM Egg,,,Container,
1657,,Purple GM Egg,,,Container,
1658,,Light Purple GM Egg,,,Container,
1659,,Purple Black GM Egg,,,Container,
1660,,Black GM Egg,,,Container,
1661,,Grey GM Egg,,,Container,
1662,,White GM Egg,,,Container,
2525,,Ratling Ratling Egg,,,Container,
2526,,Olive Ratling Egg,,,Container,
2527,,Lime Ratling Egg,,,Container,
2528,,Extra Lime Ratling Egg,,,Container,
2529,,Lime Blue Ratling Egg,,,Container,
2530,,Blue Ratling Egg,,,Container,
2531,,Azure Ratling Egg,,,Container,
2532,,Light Azure Ratling Egg,,,Container,
2533,,Blue Red Ratling Egg,,,Container,
2534,,Red Ratling Egg,,,Container,
2535,,Pink Ratling Egg,,,Container,
2536,,Hot Pink Ratling Egg,,,Container,
2537,,Pink Gold Ratling Egg,,,Container,
2538,,Gold Ratling Egg,,,Container,
2539,,Yellow Ratling Egg,,,Container,
2540,,Light Yellow Ratling Egg,,,Container,
2541,,Yellow Violet Ratling Egg,,,Container,
2542,,Violet Ratling Egg,,,Container,
2543,,Magenta Ratling Egg,,,Container,
2544,,Light Magenta Ratling Egg,,,Container,
2545,,Brown Ratling Egg,,,Container,
2546,,Tan Ratling Egg,,,Container,
2547,,Light Tan Ratling Egg,,,Container,
2548,,Tan Aqua  Ratling Egg,,,Container,
2549,,Aqua Ratling Egg,,,Container,
2550,,Teal Ratling Egg,,,Container,
2551,,Light Teal Ratling Egg,,,Container,
2552,,Teal Green Ratling Egg,,,Container,
2553,,Green Ratling Egg,,,Container,
2554,,Jade Ratling Egg,,,Container,
2555,,Orange Ratling Egg,,,Container,
2556,,Amber Ratling Egg,,,Container,
2557,,Royal Ratling Egg,,,Container,
2558,,Purple Ratling Egg,,,Container,
2559,,Light Purple Ratling Egg,,,Container,
2560,,Purple Black Ratling Egg,,,Container,
2561,,Black Ratling Egg,,,Container,
2562,,Gray Ratling Egg,,,Container,
2563,,White Ratling Egg,,,Container,
2566,,Gift Box,,,Container,
2567,,Gift Box,,,Container,
2568,,Gift Box,,,Container,
2569,,Gift Box,,,Container,
2570,,Gift Box,,,Container,
2571,,Gift Box,,,Container,
2572,,Gift Box,,,Container,
2573,,Gift Box,,,Container,
2574,,Gift Box,,,Container,
2575,,Gift Box,,,Container,
2576,,Gift Box,,,Container,
2577,,Gift Box,,,Container,
2578,,Gift Box,,,Container,
2579,,Gift Box,,,Container,
2580,,GM Quest Box,,,Container,
2581,,GM Quest Box,,,Container,
2582,,GM Quest Box,,,Container,
2583,,GM Quest Box,,,Container,
2584,,Tall Gift Box,,,Container,
2585,,Tall Gift Box,,,Container,
2586,,Tall Gift Box,,,Container,
2587,,Flat Gift Box,,,Container,
2588,,Flat Gift Box,,,Container,
2589,,Flat Gift Box,,,Container,
974,,Basket,,,Containers,
975,,Dresser,,,Containers,
976,,Storage Box,,,Containers,
977,,Closet,,,Containers,
978,,Strong Box,,,Containers,
169,,unusual token,,,Decorative,
170,,unusual token,,,Decorative,
171,,unusual token,,,Decorative,
172,,Volcanic Scale,,,Decorative,
173,,Frost Scale,,,Decorative,
174,,Moor Scale,,,Decorative,
175,,Mire Scale,,,Decorative,
176,,Swamp Scale,,,Decorative,
177,,Bog Scale,,,Decorative,
178,,Storm Scale,,,Decorative,
179,,Dragon Fang,,,Decorative,
180,,Pearl,,,Decorative,
185,,Nails,,,Decorative,
186,,Green Crystal,,,Decorative,
187,,Parchment,,,Decorative,
188,,Eggs,,,Decorative,
189,,Bottle of Milk,,,Decorative,
190,,Bag of Flour,,,Decorative,
191,,Bag of Sugar,,,Decorative,
192,,Chocolate,,,Decorative,
193,,Coal,,,Decorative,
194,,Sticks,,,Decorative,
195,,Snowball,,,Decorative,
196,,Iron Key,,,Decorative,
197,,Steel Key,,,Decorative,
198,,Bronze Key,,,Decorative,
199,,Brass Key,,,Decorative,
200,,Jeweled Key,,,Decorative,
201,,Rusty Skeleton Key,,,Decorative,
202,,Silver Skeleton Key,,,Decorative,
203,,Gold Skeleton Key,,,Decorative,
204,,Lockpicks,,,Decorative,
231,,Mirror,,,Decorative,
232,,Bowl,,,Decorative,
233,,Black Rose,,,Decorative,
234,,Red Rose,,,Decorative,
235,,White Rose,,,Decorative,
236,,Blue Rose,,,Decorative,
237,,Yellow Rose,,,Decorative,
238,,Pink Rose,,,Decorative,
239,,Green Rose,,,Decorative,
240,,Orange Rose,,,Decorative,
241,,Chrysanthemum,,,Decorative,
242,,White Daisy,,,Decorative,
243,,Black Daisy,,,Decorative,
244,,Grey Daisy,,,Decorative,
245,,Brown Daisy,,,Decorative,
246,,Yellow Daisy,,,Decorative,
247,,Red Daisy,,,Decorative,
248,,Blue Daisy,,,Decorative,
249,,Daffodil,,,Decorative,
250,,Drum,,,Decorative,
251,,Flute,,,Decorative,
252,,Strynx,,,Decorative,
253,,Lyre,,,Decorative,
254,,Lute,,,Decorative,
255,,Animal Hide,,,Decorative,
256,,Wolf Pelt,,,Decorative,
257,,Wolf Pelt,,,Decorative,
258,,Fenris Pelt,,,Decorative,
259,,Blood Fenris Pelt,,,Decorative,
260,,Hell Hound Pelt,,,Decorative,
261,,Howling Terror Pelt,,,Decorative,
262,,Troll Hide,,,Decorative,
263,,Rock Troll Hide,,,Decorative,
264,,Demon Troll Hide,,,Decorative,
265,,Dire Wolf Pelt,,,Decorative,
266,,Plate,,,Decorative,
267,,Candle,,,Decorative,
268,,Hammer,,,Decorative,
269,,Carving,,,Decorative,
270,,Mug,,,Decorative,
271,,Chalice,,,Decorative,
287,,Paper Crane,,,Decorative,
289,,Spell Component,,,Decorative,
290,,Tooth,,,Decorative,
291,,Deamon Tooth,,,Decorative,
292,,Finger,,,Decorative,
293,,Zombie Finger,,,Decorative,
294,,Nugget,,,Decorative,
295,,Gold Nugget,,,Decorative,
296,,Ball of Guano,,,Decorative,
297,,Imp Guano,,,Decorative,
298,,Rat Guano,,,Decorative,
299,,Dameon Guano,,,Decorative,
300,,Jaw Bone,,,Decorative,
301,,Eye,,,Decorative,
302,,Eye of Kilrog,,,Decorative,
303,,Orge Eye,,,Decorative,
304,,Pebble,,,Decorative,
305,,Oak Leaf,,,Decorative,
306,,Clump of Grass,,,Decorative,
307,,Amber Rod,,,Decorative,
308,,Bag of Obsidian Dust,,,Decorative,
309,,Silvergrass,,,Decorative,
310,,Goldenberries,,,Decorative,
311,,Pigweed,,,Decorative,
312,,Devilweed,,,Decorative,
313,,Corbalite Rock,,,Decorative,
314,,Basalt Rock,,,Decorative,
315,,Sulfur Rock,,,Decorative,
316,,Chip of Marble,,,Decorative,
317,,Elder Oak Leaf,,,Decorative,
318,,Silverthorn Leaf,,,Decorative,
319,,Tabac Leaf,,,Decorative,
344,,One Academy Diploma,,,Decorative,
345,,Book,,,Decorative,
355,,The Basics of Basketweaving,,,Decorative,
356,,Psychology of Realm Player,,,Decorative,
357,,Making Friends and Being Polite in The Realm,,,Decorative,
662,,Bottle of Dye,,,Decorative,
663,,Bottle of Olive Dye,,,Decorative,
664,,Bottle of Lime Dye,,,Decorative,
665,,Bottle of Blue Dye,,,Decorative,
666,,Bottle of Azure Dye,,,Decorative,
667,,Bottle of Red Dye,,,Decorative,
668,,Bottle of Pink Dye,,,Decorative,
669,,Bottle of Gold Dye,,,Decorative,
670,,Bottle of Yellow Dye,,,Decorative,
671,,Bottle of Violet Dye,,,Decorative,
672,,Bottle of Magenta Dye,,,Decorative,
673,,Bottle of Brown Dye,,,Decorative,
674,,Bottle of Tan Dye,,,Decorative,
675,,Bottle of Aqua Dye,,,Decorative,
676,,Bottle of Teal Dye,,,Decorative,
677,,Bottle of Green Dye,,,Decorative,
678,,Bottle of Jade Dye,,,Decorative,
679,,Bottle of Orange Dye,,,Decorative,
680,,Bottle of Amber Dye,,,Decorative,
681,,Bottle of Royal Purple Dye,,,Decorative,
682,,Bottle of Purple Dye,,,Decorative,
683,,Bottle of Black Dye,,,Decorative,
684,,Bottle of Gray Dye,,,Decorative,
685,,Bottle of White Dye,,,Decorative,
686,,Bottle of Medium Orange Dye,,,Decorative,
687,,Bottle of Light Orange Dye,,,Decorative,
688,,Bottle of Flesh Dye,,,Decorative,
689,,Bottle of Light Flesh Dye,,,Decorative,
690,,Statue,,,Decorative,
691,,Elphame's Scales,,,Decorative,
692,,Gem,,,Decorative,
693,,Crystal,,,Decorative,
694,,Ruby Chip,,,Decorative,
695,,Aquamarine,,,Decorative,
696,,Turquoise,,,Decorative,
697,,Topaz,,,Decorative,
698,,Emmerald,,,Decorative,
699,,Emerald,,,Decorative,
700,,Ruby,,,Decorative,
701,,Jet,,,Decorative,
702,,Diamond,,,Decorative,
703,,Temple Trophy,,,Decorative,
704,,Mist Tailsman,,,Decorative,
705,,Tailsman of Hope,,,Decorative,
706,,Tailsman of Courage,,,Decorative,
707,,Tailsman of Life,,,Decorative,
708,,Tailsman of Luck,,,Decorative,
709,,Tailsman of Happiness,,,Decorative,
710,,Tailsman of Faith,,,Decorative,
711,,Tailsman of Honor,,,Decorative,
712,,Tailsman of Love,,,Decorative,
713,,Tailsman of Immortality,,,Decorative,
714,,Amethyst,,,Decorative,
715,,Flawless Amethyst,,,Decorative,
716,,Diamond,,,Decorative,
717,,Flawless Diamond,,,Decorative,
718,,Emerald,,,Decorative,
719,,Flawless Emerald,,,Decorative,
720,,Jet,,,Decorative,
721,,Flawless Jet,,,Decorative,
722,,Ruby,,,Decorative,
723,,Flawless Ruby,,,Decorative,
724,,Sapphire,,,Decorative,
725,,Flawless Sapphire,,,Decorative,
726,,Topaz,,,Decorative,
727,,Flawless Topaz,,,Decorative,
740,,Endtable,,,Decorative,
741,,Endtable with Daffodil,,,Decorative,
742,,Barrel,,,Decorative,
862,,Statue,,,Decorative,
863,,Statue,,,Decorative,
864,,Statue,,,Decorative,
865,,Statue,,,Decorative,
875,,Floral Surfboard,,,Decorative,
876,,Elemental Surfboad,,,Decorative,
906,,Call to Conflict Horn,,,Decorative,
907,,Ribbon,,,Decorative,
908,,Blue Ribbon,,,Decorative,
909,,Red Ribbon,,,Decorative,
910,,White Ribbon,,,Decorative,
911,,Green Ribbon,,,Decorative,
912,,Yellow Ribbon,,,Decorative,
913,,Award,,,Decorative,
914,,Olive Award,,,Decorative,
915,,Blue Award,,,Decorative,
916,,Red Award,,,Decorative,
917,,Violet Award,,,Decorative,
918,,Aqua Award,,,Decorative,
919,,Green Award,,,Decorative,
920,,Orange Award,,,Decorative,
921,,Royal Award,,,Decorative,
922,,White Award,,,Decorative,
923,,1st Place Award - Harvest 2005,,,Decorative,
924,,2nd Place Award - Harvest 2005,,,Decorative,
925,,3rd Place Award - Harvest 2005,,,Decorative,
926,,4th Place Award - Harvest 2005,,,Decorative,
927,,The Turkey Leg Reward - Harvest 2006,,,Decorative,
928,,1st Place,,,Decorative,
929,,2nd Place,,,Decorative,
930,,3rd Place,,,Decorative,
931,,4th Place,,,Decorative,
932,,1st Place Award - PvP Tournament Summer Solstice 2007,,,Decorative,
933,,2nd Place Award - PvP Tournament Summer Solstice 2007,,,Decorative,
934,,3rd Place Award - PvP Tournament Summer Solstice 2007,,,Decorative,
935,,1st Place Award - PvP Tournament Summer Festival 2008,,,Decorative,
936,,2nd Place Award - PvP Tournament Summer Festival 2008,,,Decorative,
937,,3rd Place Award - PvP Tournament Summer Festival 2008,,,Decorative,
938,,Award,,,Decorative,
939,,Scarecrow,,,Decorative,
940,,Scarecrow,,,Decorative,
941,,1st Place Award - PvP Tournament Summer Festival 2009,,,Decorative,
942,,2nd Place Award - PvP Tournament Summer Festival 2009,,,Decorative,
943,,3rd Place Award - PvP Tournament Summer Festival 2009,,,Decorative,
944,,Award,,,Decorative,
945,,The Turkey Leg Reward - Harvest 2010,,,Decorative,
946,,1st Place Award - PvP Tournament Summer Festival 2011,,,Decorative,
947,,2nd Place Award - PvP Tournament Summer Festival 2011,,,Decorative,
948,,3rd Place Award - PvP Tournament Summer Festival 2011,,,Decorative,
949,,Award,,,Decorative,
950,,1st Place Award - PvP Tournament Summer Festival 2012,,,Decorative,
951,,2nd Place Award - PvP Tournament Summer Festival 2012,,,Decorative,
952,,3rd Place Award - PvP Tournament Summer Festival 2012,,,Decorative,
953,,Web,,,Decorative,
954,,Web,,,Decorative,
955,,Web,,,Decorative,
956,,Skull,,,Decorative,
957,,Altar,,,Decorative,
958,,Torch,,,Decorative,
959,,Fountain,,,Decorative,
979,,Statuette of Enid,,,Decorative,
980,,Statuette of Duach,,,Decorative,
981,,Statuette of Despothes,,,Decorative,
982,,Statuette of Mabon,,,Decorative,
983,,Statuette of Elphame,,,Decorative,
984,,Statuette of Finvarra,,,Decorative,
985,,Pink Surfborad,,,Decorative,
986,,Green Floral Surfboard,,,Decorative,
987,,Purple Floral Surfboard,,,Decorative,
988,,Blue Floral Surfboard,,,Decorative,
989,,Blue Arrow Surfboard,,,Decorative,
990,,Green Arrow Surfboard,,,Decorative,
991,,Purple Arrow Surfboard,,,Decorative,
992,,Tiki Torch,,,Decorative,
993,,Blue Rose Bouquet,,,Decorative,
994,,Orange Rose Bouquet,,,Decorative,
995,,Pink Rose Bouquet,,,Decorative,
996,,Purple Rose Bouquet,,,Decorative,
997,,Red Rose Bouquet,,,Decorative,
998,,White Rose Bouquet,,,Decorative,
999,,Yellow Rose Bouquet,,,Decorative,
1000,,Blue Potted Aster,,,Decorative,
1001,,Orange Potted Aster,,,Decorative,
1002,,Pink Potted Aster,,,Decorative,
1003,,Purple Potted Aster,,,Decorative,
1004,,Red Potted Aster,,,Decorative,
1005,,White Potted Aster,,,Decorative,
1006,,Yellow Potted Aster,,,Decorative,
1007,,Small Cactus,,,Decorative,
1008,,Medium Cactus,,,Decorative,
1009,,Large Cactus,,,Decorative,
1010,,Fully Grown Cactus,,,Decorative,
1011,,Blue Potted Chrysanthemum,,,Decorative,
1012,,Orange Potted Chrysanthemum,,,Decorative,
1013,,Pink Potted Chrysanthemum,,,Decorative,
1014,,Purple Potted Chrysanthemum,,,Decorative,
1015,,Red Potted Chrysanthemum,,,Decorative,
1016,,White Potted Chrysanthemum,,,Decorative,
1017,,Yellow Potted Chrysanthemum,,,Decorative,
1018,,Blue Potted Daisy,,,Decorative,
1019,,Orange Potted Daisy,,,Decorative,
1020,,Pink Potted Daisy,,,Decorative,
1021,,Purple Potted Daisy,,,Decorative,
1022,,Red Potted Daisy,,,Decorative,
1023,,White Potted Daisy,,,Decorative,
1024,,Yelloy Potted Daisy,,,Decorative,
1025,,Blue Potted Narcissi,,,Decorative,
1026,,Orange Potted Narcissi,,,Decorative,
1027,,Pink Potted Narcissi,,,Decorative,
1028,,Purple Potted Narcissi,,,Decorative,
1029,,Red Potted Narcissi,,,Decorative,
1030,,White Potted Narcissi,,,Decorative,
1031,,Yellow Potted Narcissi,,,Decorative,
1032,,Blue Potted Nasturtium,,,Decorative,
1033,,Orange Potted Nasturtium,,,Decorative,
1034,,Pink Potted Nasturtium,,,Decorative,
1035,,Purple Potted Nasturtium,,,Decorative,
1036,,Red Potted Nasturtium,,,Decorative,
1037,,White Potted Nasturtium,,,Decorative,
1038,,Yellow Potted Nasturtium,,,Decorative,
1039,,Blue Potted Polyantha,,,Decorative,
1040,,Orange Potted Polyantha,,,Decorative,
1041,,Pink Potted Polyantha,,,Decorative,
1042,,Purple Potted Polyantha,,,Decorative,
1043,,Red Potted Polyantha,,,Decorative,
1044,,White Potted Polyantha,,,Decorative,
1045,,Yellow Potted Polyantha,,,Decorative,
1046,,Blue Potted Polyantha,,,Decorative,
1047,,Orange Chrysanthemum Tray,,,Decorative,
1048,,Pink Chrysanthemum Tray,,,Decorative,
1049,,Purple Chrysanthemum Tray,,,Decorative,
1050,,Red Chrysanthemum Tray,,,Decorative,
1051,,White Chrysanthemum Tray,,,Decorative,
1052,,Yellow Chrysanthemum Tray,,,Decorative,
1053,,Blue Daisy Tray,,,Decorative,
1054,,Orange Daisy Tray,,,Decorative,
1055,,Pink Daisy Tray,,,Decorative,
1056,,Purple Daisy Tray,,,Decorative,
1057,,Red Daisy Tray,,,Decorative,
1058,,White Daisy Tray,,,Decorative,
1059,,Yelloy Daisy Tray,,,Decorative,
1060,,Blue Polyantha Tray,,,Decorative,
1061,,Orange Polyantha Tray,,,Decorative,
1062,,Pink Polyantha Tray,,,Decorative,
1063,,Budding Polyantha Tray,,,Decorative,
1064,,Purple Polyantha Tray,,,Decorative,
1065,,Red Polyantha Tray,,,Decorative,
1066,,White Polyantha Tray,,,Decorative,
1067,,Yelloy Polyantha Tray,,,Decorative,
1068,,Blue Rose Tray,,,Decorative,
1069,,Orange Rose Tray,,,Decorative,
1070,,Pink Rose Tray,,,Decorative,
1071,,Purple Rose Tray,,,Decorative,
1072,,Red Rose Tray,,,Decorative,
1073,,White Rose Tray,,,Decorative,
1074,,Yelloy Rose Tray,,,Decorative,
1075,,Blue Rose Bush,,,Decorative,
1076,,Orange Rose Bush,,,Decorative,
1077,,Pink Rose Bush,,,Decorative,
1078,,Budding Rose Bush,,,Decorative,
1079,,Purple Rose Bush,,,Decorative,
1080,,Red Rose Bush,,,Decorative,
1081,,White Rose Bush,,,Decorative,
1082,,Yelloy Rose Bush,,,Decorative,
1083,,Blue Hoya Cascade Trellis,,,Decorative,
1084,,Orange Hoya Cascade Trellis,,,Decorative,
1085,,Pink Hoya Cascade Trellis,,,Decorative,
1086,,Budding Hoya Cascade Trellis,,,Decorative,
1087,,Purple Hoya Cascade Trellis,,,Decorative,
1088,,Red Hoya Cascade Trellis,,,Decorative,
1089,,White Hoya Cascade Trellis,,,Decorative,
1090,,Yelloy Hoya Cascade Trellis,,,Decorative,
1091,,Blue Hoya Cross Trellis,,,Decorative,
1092,,Orange Hoya Cross Trellis,,,Decorative,
1093,,Pink Hoya Cross Trellis,,,Decorative,
1094,,Budding Hoya Cross Trellis,,,Decorative,
1095,,Purple Hoya Cross Trellis,,,Decorative,
1096,,Red Hoya Cross Trellis,,,Decorative,
1097,,White Hoya Cross Trellis,,,Decorative,
1098,,Yelloy Hoya Cross Trellis,,,Decorative,
1099,,Blue Hoya Wall Trellis,,,Decorative,
1100,,Orange Hoya Wall Trellis,,,Decorative,
1101,,Pink Hoya Wall Trellis,,,Decorative,
1102,,Budding Hoya Wall Trellis,,,Decorative,
1103,,Purple Hoya Wall Trellis,,,Decorative,
1104,,Red Hoya Wall Trellis,,,Decorative,
1105,,White Hoya Wall Trellis,,,Decorative,
1106,,Yelloy Hoya Wall Trellis,,,Decorative,
1107,,Blue Hoya WIndow Trellis,,,Decorative,
1108,,OrangeHoya WIndow Trellis,,,Decorative,
1109,,Pink Hoya WIndow Trellis,,,Decorative,
1110,,Budding Hoya WIndow Trellis,,,Decorative,
1111,,Purple Hoya WIndow Trellis,,,Decorative,
1112,,Red Hoya WIndow Trellis,,,Decorative,
1113,,White Hoya WIndow Trellis,,,Decorative,
1114,,Yelloy Hoya WIndow Trellis,,,Decorative,
1115,,Magic Blue Light,,,Decorative,
1116,,Magic Green Light,,,Decorative,
1117,,Magic Red Light,,,Decorative,
1118,,Magic Yellow Light,,,Decorative,
1119,,Magic Orange Light 1,,,Decorative,
1120,,Magic Orange Light 2,,,Decorative,
1121,,Evergreen,,,Decorative,
1122,,Red Holiday Tree,,,Decorative,
1123,,Blue Holiday Tree,,,Decorative,
1124,,Holiday Bunting,,,Decorative,
1125,,Rock Sculpture,,,Decorative,
1126,,Frog Sculpture,,,Decorative,
1127,,Deer Sculpture,,,Decorative,
1477,,Magical Lockpicks,,,Decorative,
1663,,Call to Conflict Horn Store,,,Decorative,
1664,,Unnamed Object,,,Decorative,
1665,,Orc Amulet,,,Decorative,
1666,,Wirkkala's Remedy,,,Decorative,
1667,,Grandmother's Letter,,,Decorative,
1668,,Tuft of Fenri Fur,,,Decorative,
1669,,Eugenie's Candles,,,Decorative,
1670,,Compost Worms,,,Decorative,
1671,,Carved Salt Crystal,,,Decorative,
1672,,Bit of Cactus,,,Decorative,
1673,,Kaliri's Treat,,,Decorative,
1674,,Scrap of Faerie Mantle,,,Decorative,
1675,,The Gold Nugget,,,Decorative,
1676,,Tobac Leaf Delivery Receipt,,,Decorative,
1677,,Jann's Voucher,,,Decorative,
1678,,Pulverized Wasp's Belly,,,Decorative,
1679,,Shark Tooth,,,Decorative,
1680,,Ring of Jaqqar's Father,,,Decorative,
1681,,Package from the Dark Elves,,,Decorative,
1682,,Loch Dread Water,,,Decorative,
1683,,Szumi's Pouch,,,Decorative,
1684,,Ancient Rune from Drune,,,Decorative,
1685,,Authorization,,,Decorative,
1686,,Parchment,,,Decorative,
1687,,Black Diamond,,,Decorative,
1688,,Broken Amulet,,,Decorative,
1689,,Information from Siei,,,Decorative,
1690,,Pasco's Cheese,,,Decorative,
1691,,Burn Ointment,,,Decorative,
1692,,Ancient Chain Mail Segment,,,Decorative,
1693,,Troll Toe,,,Decorative,
1694,,Flask of Popping Corn,,,Decorative,
1695,,Talisman of Baroq the Bald,,,Decorative,
1696,,Pasco Knife,,,Decorative,
1697,,Fenri Fang,,,Decorative,
1698,,Vigo's Lunch,,,Decorative,
1699,,Fish Spinal Bones,,,Decorative,
1700,,Herb Seed,,,Decorative,
1701,,Kaliri's Sweet,,,Decorative,
1702,,Skeleton Finger Bone,,,Decorative,
1703,,Carved Stone Castle,,,Decorative,
1704,,Driftwood,,,Decorative,
1705,,Vegetable Leftovers,,,Decorative,
1706,,Bat's Whisker,,,Decorative,
1707,,Zuzu's antique,,,Decorative,
1708,,Supplies from Usk,,,Decorative,
1709,,Frick's Allergy Medicine,,,Decorative,
1710,,Note from Geezer,,,Decorative,
1711,,Ale for Geezer,,,Decorative,
1712,,Skon's Package,,,Decorative,
1713,,Scon's Scarf,,,Decorative,
1714,,Wolf's Tail,,,Decorative,
1715,,The Amulet of Tamen,,,Decorative,
1716,,Jeweled Dagger,,,Decorative,
1717,,Amulet of Nemat,,,Decorative,
1718,,Stench's Tools,,,Decorative,
1719,,Fembrel Wrench,,,Decorative,
1720,,Amulet of Nemor,,,Decorative,
1721,,Jellied Berries,,,Decorative,
1722,,Grain Bread of Murias,,,Decorative,
1723,,Amulet of Romen,,,Decorative,
1724,,New Pattern,,,Decorative,
1725,,Wool Skeins,,,Decorative,
1726,,Daria's Belt,,,Decorative,
1727,,Amulet of Baroq,,,Decorative,
1728,,Carved Stork,,,Decorative,
1729,,Nattan's Sharpening Stone,,,Decorative,
1730,,Ratling Toenail,,,Decorative,
1731,,Fossilized Toad,,,Decorative,
1732,,Aldonzo's Dagger,,,Decorative,
1733,,Petrified Wood,,,Decorative,
1734,,Misha's Belt,,,Decorative,
1735,,Special Order of Fabric,,,Decorative,
1736,,Banshee Relic,,,Decorative,
1737,,Mara's Key,,,Decorative,
1738,,Headache Cure,,,Decorative,
1739,,Impl Bloodstone,,,Decorative,
1740,,Envelope for Holiph,,,Decorative,
1741,,Envelope for Litula,,,Decorative,
1742,,Meego's Cheese,,,Decorative,
1743,,Giant Gnat's Ear,,,Decorative,
1744,,Ancient Bird Bits,,,Decorative,
1745,,Coat for Geezer,,,Decorative,
1746,,Empty Insect Skin,,,Decorative,
1747,,Kombal's Wine,,,Decorative,
1748,,Kombal's Bag,,,Decorative,
1749,,Hair of Ancient Bat,,,Decorative,
1750,,Parchment from Marti,,,Decorative,
1751,,Marti's Lunch,,,Decorative,
1752,,Devo's Book,,,Decorative,
1753,,Seraph Scroll Fragment,,,Decorative,
1754,,Jolie's Scarf,,,Decorative,
1755,,Food Basket,,,Decorative,
1756,,Ancient Hieroglyphic,,,Decorative,
1757,,Ancient Faerie Parchment,,,Decorative,
1757,,Minka's Boots,,,Decorative,
1759,,Torn Papyrus,,,Decorative,
1760,,Rattle of Snake,,,Decorative,
1761,,Apricots,,,Decorative,
1762,,Strange Curio,,,Decorative,
1763,,Curious Desert Rock,,,Decorative,
1764,,Cookies for Kaliri,,,Decorative,
1765,,Dill for Sanria,,,Decorative,
1766,,Amulet of Lemelion,,,Decorative,
1767,,Antiquated Broach,,,Decorative,
1768,,Bolt of Embroidered Fabric,,,Decorative,
1769,,Cotton Plant,,,Decorative,
1770,,Token of Enid,,,Decorative,
1771,,Potion Holder,,,Decorative,
1772,,Pot Shard,,,Decorative,
1773,,Slug's Shirt,,,Decorative,
1774,,Polished Stone,,,Decorative,
1775,,Black Mushrooms,,,Decorative,
1776,,Muelen's Supplies,,,Decorative,
1777,,Ancient Oil Lamp,,,Decorative,
1778,,Green Globe,,,Decorative,
1779,,Green Bottle,,,Decorative,
1780,,Wooden Puzzle,,,Decorative,
1781,,Drift Wood,,,Decorative,
1782,,Powdered Imp,,,Decorative,
1783,,Dinglebean Extract,,,Decorative,
1784,,Gravestone Chip,,,Decorative,
1785,,Wasp's Wing,,,Decorative,
1786,,Smoked Stripe,,,Decorative,
1787,,Flower Seed,,,Decorative,
1788,,Daemon Token,,,Decorative,
1789,,Metal Shielding,,,Decorative,
1790,,Distilled Water,,,Decorative,
1791,,Brown Wrapping Paper,,,Decorative,
1792,,Supplies for Malina,,,Decorative,
1793,,Magic Rock,,,Decorative,
1794,,Petrified Snail,,,Decorative,
1795,,Empty Jar,,,Decorative,
1796,,Fossilized Scorpion,,,Decorative,
1797,,Aimie's package,,,Decorative,
1798,,Medicine for Frick,,,Decorative,
1799,,Blackbird Feathers,,,Decorative,
1800,,Driftwood Frame,,,Decorative,
1801,,Salve for Misha,,,Decorative,
1802,,Legotia's Snack,,,Decorative,
1803,,Amulet of Stealth,,,Decorative,
1804,,Packet for Ratt,,,Decorative,
1805,,Lireen's Medicinal Powder,,,Decorative,
1806,,Ginkaroo Bark,,,Decorative,
1807,,ZKGB Contained,,,Decorative,
1808,,Fresh Baked Bread,,,Decorative,
1809,,Fishing Line,,,Decorative,
1810,,Gooey Buns for Spidey,,,Decorative,
1811,,Sanria's Package,,,Decorative,
1813,,Coffee Beans,,,Decorative,
1814,,Dried Lavender,,,Decorative,
1815,,An Interesting Plant,,,Decorative,
1816,,Lalana's Lunch,,,Decorative,
1817,,Knee Ointment,,,Decorative,
1818,,Package for Lireen,,,Decorative,
1819,,Wanda's Lunch,,,Decorative,
1820,,Scrap of Decrepit Scabbard,,,Decorative,
1821,,Packet of Rennet,,,Decorative,
1822,,Amulet of Blue Steel,,,Decorative,
1823,,Sash of the Despothes,,,Decorative,
1824,,Sea Snail Fossil,,,Decorative,
1825,,Cinnamon Oil,,,Decorative,
1826,,Ghoud's Lunch,,,Decorative,
1827,,Feather from Kurz,,,Decorative,
1828,,Pest Deterrent,,,Decorative,
1829,,Scarab,,,Decorative,
1830,,Speckled Minter,,,Decorative,
1831,,Elf Soothing Cream,,,Decorative,
1832,,Carved Flute,,,Decorative,
1833,,Snack for Troels,,,Decorative,
1834,,Prehistoric Troll Knife,,,Decorative,
1835,,Pain Potion for Ygior,,,Decorative,
1836,,Benoit's New Potion,,,Decorative,
1837,,Ancient Bone Dagger,,,Decorative,
1838,,Private Stock Ale,,,Decorative,
1839,,Tube of Red Paint,,,Decorative,
1840,,Clay Pots,,,Decorative,
1841,,Vegetable Drink,,,Decorative,
1842,,Ancient Flint Axehead,,,Decorative,
1843,,Headache Remedy,,,Decorative,
1844,,Rat Deterrent,,,Decorative,
1845,,Gift for Cozenor,,,Decorative,
1846,,Braided Leather Belt,,,Decorative,
1847,,Blue Globe,,,Decorative,
1848,,Beef Jerky,,,Decorative,
1849,,Gobin Letter Opener,,,Decorative,
1850,,Warrior Statue,,,Decorative,
1851,,Heirloom Ring,,,Decorative,
1852,,Apricot Tart,,,Decorative,
1853,,Fragment of Club,,,Decorative,
1854,,Mekian Glue,,,Decorative,
1855,,Doforth's Lunch,,,Decorative,
1856,,Special Wen Cheese,,,Decorative,
1857,,Headache Potion,,,Decorative,
1858,,Petrified Peat,,,Decorative,
1859,,Fossil of Scorpion,,,Decorative,
1860,,Piece of Flint,,,Decorative,
1861,,Carved Bear,,,Decorative,
1862,,Poultice,,,Decorative,
1863,,Hieroglyphic from Murias,,,Decorative,
1864,,Walther the Wizard,,,Decorative,
1865,,Salldii Sweetmeats,,,Decorative,
1866,,Supplies for Astrid,,,Decorative,
1867,,Sash of the Unnamed Hero,,,Decorative,
1868,,Elven Broach,,,Decorative,
1869,,Thread,,,Decorative,
1870,,Sleeping Potion,,,Decorative,
1871,,Amulet of Frederick,,,Decorative,
1872,,Wool,,,Decorative,
1873,,Colored Gems,,,Decorative,
1874,,Fabric Sacs,,,Decorative,
1876,,Tailsman of Arnold,,,Decorative,
1877,,Embroidered Shawl,,,Decorative,
1878,,Fossil Rock,,,Decorative,
1879,,Scented Candles,,,Decorative,
1880,,Tailsman of Freddie,,,Decorative,
1881,,Amulet of Finvarra,,,Decorative,
1882,,Emerald of Enid,,,Decorative,
1883,,Carved Lamp,,,Decorative,
1884,,Polished Gold Amulet,,,Decorative,
1885,,Mixing Grain,,,Decorative,
1886,,Grinding Stone,,,Decorative,
1887,,Polished Ruby Amulet,,,Decorative,
1888,,Alysa's Present,,,Decorative,
1889,,Oil of Mimosa,,,Decorative,
1890,,Armor Polish,,,Decorative,
1891,,Luck Piece,,,Decorative,
1892,,Troll Sacred Stone,,,Decorative,
1893,,Acorns from Usk,,,Decorative,
1894,,Package for Nika,,,Decorative,
1895,,Finvarra Spike Fragment,,,Decorative,
1896,,Supplies for Lari,,,Decorative,
1897,,Blackberry Roots,,,Decorative,
1898,,Carved Wizard,,,Decorative,
1899,,Image of Duach,,,Decorative,
1900,,Morgana's Dagger,,,Decorative,
1901,,Dragonlizard Oil,,,Decorative,
1902,,Aldonzo's Lunch,,,Decorative,
1903,,Ascetos Desert Sand,,,Decorative,
1904,,Sunberry Seeds,,,Decorative,
1905,,Usk Tea Leaves,,,Decorative,
1906,,Bekka's New Shoes,,,Decorative,
1907,,Cold Drink Holder,,,Decorative,
1908,,Fresh Fruit,,,Decorative,
1909,,Carving Knife,,,Decorative,
1910,,Birch Bark,,,Decorative,
1911,,Randa's Hand Drill,,,Decorative,
1912,,Inila's Supplies,,,Decorative,
1913,,Nuggets of Clove,,,Decorative,
1914,,Frick's Lunch,,,Decorative,
1915,,Polishing Cloth,,,Decorative,
1916,,Manonor's Order,,,Decorative,
1917,,Missing Boots,,,Decorative,
1918,,Andrea's Lunch,,,Decorative,
1919,,Scroll of Astilrades,,,Decorative,
1920,,Pewter Polish,,,Decorative,
1921,,New Lotion,,,Decorative,
1922,,Lemon Balm,,,Decorative,
1923,,Care Basket for Sandor,,,Decorative,
1924,,Wen Cheese,,,Decorative,
1925,,Misha's Bread,,,Decorative,
1926,,Inila's Jellied Berries,,,Decorative,
1927,,Lari's Smoked Stripe,,,Decorative,
1928,,Package for Sandor,,,Decorative,
1929,,BeeWax,,,Decorative,
1930,,Setta's Scarf,,,Decorative,
1931,,Hana's Brush,,,Decorative,
1932,,Primitive Tool Fragment,,,Decorative,
1933,,Gnarl's Special Ale,,,Decorative,
1934,,Copperhead Extract,,,Decorative,
1935,,Wonduri's Package,,,Decorative,
1936,,Amulet of Protection,,,Decorative,
1937,,Bolla Brew,,,Decorative,
1938,,Desert Rock,,,Decorative,
1939,,Cinnamon Rolls,,,Decorative,
1940,,Shield Relic,,,Decorative,
1941,,Boot Shaped Bottle,,,Decorative,
1942,,Carved Squirrel,,,Decorative,
1943,,Miniature Shield,,,Decorative,
1944,,Fenibretta,,,Decorative,
1945,,Fish Hooks,,,Decorative,
1946,,White Thread,,,Decorative,
1947,,Gift from Jolie,,,Decorative,
1948,,Note from Alyson,,,Decorative,
1949,,Note from Tybia,,,Decorative,
1950,,Note from Alyson,,,Decorative,
1951,,Note from Tybia,,,Decorative,
1952,,Jeff's Skull,,,Decorative,
1981,,Holy Symbol of Enid,,,Decorative,
2022,,Spell Componet,,,Decorative,
2023,,Bowl,,,Decorative,
2024,,<bad engrave>,,,Decorative,
2025,,Spell Componet,,,Decorative,
2056,,Coin Purse,,,Decorative,
2057,,Coin Purse,,,Decorative,
2058,,Coin Purse,,,Decorative,
2059,,Diamond,,,Decorative,
2083,,Coin Purse,,,Decorative,
2084,,Coin Purse,,,Decorative,
2085,,Coin Purse,,,Decorative,
2086,,Coin Purse,,,Decorative,
2087,,Coin Purse,,,Decorative,
2088,,Coin Purse,,,Decorative,
2089,,Coin Purse,,,Decorative,
2090,,Coin Purse,,,Decorative,
2091,,Coin Purse,,,Decorative,
2092,,Coin Purse,,,Decorative,
2093,,Coin Purse,,,Decorative,
2094,,Coin Purse,,,Decorative,
2095,,Coin Purse,,,Decorative,
2096,,Coin Purse,,,Decorative,
2097,,Coin Purse,,,Decorative,
2098,,Coin Purse,,,Decorative,
2099,,Coin Purse,,,Decorative,
2100,,Coin Purse,,,Decorative,
2101,,Coin Purse,,,Decorative,
2102,,Coin Purse,,,Decorative,
2103,,Coin Purse,,,Decorative,
2112,,Statue,,,Decorative,
2113,,Spell Componet,,,Decorative,
2114,,Spell Componet,,,Decorative,
2116,,Coin Purse,,,Decorative,
2122,,Mist Tailsman,,,Decorative,
2123,,Mist Tailsman,,,Decorative,
2124,,Mist Tailsman,,,Decorative,
2125,,Mist Tailsman,,,Decorative,
2126,,Mist Tailsman,,,Decorative,
2127,,Mist Tailsman,,,Decorative,
2128,,Mist Tailsman,,,Decorative,
2129,,Mist Tailsman,,,Decorative,
2130,,Mist Tailsman,,,Decorative,
2131,,Mist Tailsman,,,Decorative,
2132,,Mist Tailsman,,,Decorative,
2133,,Mist Tailsman,,,Decorative,
2134,,Mist Tailsman,,,Decorative,
2135,,Mist Tailsman,,,Decorative,
2144,,Spell Componet,,,Decorative,
2145,,Spell Componet,,,Decorative,
2146,,Spell Componet,,,Decorative,
2147,,Spell Componet,,,Decorative,
2148,,Spell Componet,,,Decorative,
2149,,Spell Componet,,,Decorative,
2150,,Spell Componet,,,Decorative,
2151,,Spell Componet,,,Decorative,
2152,,Spell Componet,,,Decorative,
2153,,Spell Componet,,,Decorative,
2154,,Spell Componet,,,Decorative,
2155,,Spell Componet,,,Decorative,
2156,,Spell Componet,,,Decorative,
2157,,Spell Componet,,,Decorative,
2158,,Spell Componet,,,Decorative,
2159,,Spell Componet,,,Decorative,
2160,,Spell Componet,,,Decorative,
2161,,Spell Componet,,,Decorative,
2162,,Spell Componet,,,Decorative,
2163,,Spell Componet,,,Decorative,
2164,,Spell Componet,,,Decorative,
2165,,Spell Componet,,,Decorative,
2166,,Spell Componet,,,Decorative,
2167,,Spell Componet,,,Decorative,
2168,,Spell Componet,,,Decorative,
2169,,Spell Componet,,,Decorative,
2170,,Spell Componet,,,Decorative,
2171,,Spell Componet,,,Decorative,
2172,,Spell Componet,,,Decorative,
2173,,Spell Componet,,,Decorative,
2174,,Spell Componet,,,Decorative,
2175,,Spell Componet,,,Decorative,
2176,,Spell Componet,,,Decorative,
2177,,Spell Componet,,,Decorative,
2178,,Spell Componet,,,Decorative,
2179,,Spell Componet,,,Decorative,
2180,,Spell Componet,,,Decorative,
2181,,Spell Componet,,,Decorative,
2182,,Spell Componet,,,Decorative,
2183,,Spell Componet,,,Decorative,
2184,,Spell Componet,,,Decorative,
2185,,Spell Componet,,,Decorative,
2186,,Spell Componet,,,Decorative,
2187,,Spell Componet,,,Decorative,
2188,,Spell Componet,,,Decorative,
2189,,Spell Componet,,,Decorative,
2190,,Spell Componet,,,Decorative,
2191,,Spell Componet,,,Decorative,
2192,,Spell Componet,,,Decorative,
2193,,Spell Componet,,,Decorative,
2194,,Spell Componet,,,Decorative,
2195,,Spell Componet,,,Decorative,
2426,,Mist Talisman,,,Decorative,
2433,,Mist Talisman,,,Decorative,
2463,,Mist Talisman,,,Decorative,
2464,,Mist Talisman,,,Decorative,
2465,,Mist Talisman,,,Decorative,
2466,,Mist Talisman,,,Decorative,
2467,,Mist Talisman,,,Decorative,
2468,,Mist Talisman,,,Decorative,
2565,,Bouquet,,,Decorative,
2590,,Christmas Tree,,,Decorative,
2591,,Dead Christmas Tree,,,Decorative,
2592,,Snowman (defunct),,,Decorative,
2593,,Pumpkin,,,Decorative,
2595,,Large Pumpkin,,,Decorative,
2596,,Jack O' Lantern,,,Decorative,
2597,,Jack O' Lantern,,,Decorative,
2598,,Jack O' Lantern,,,Decorative,
2599,,Jack O' Lantern,,,Decorative,
2600,,Jack O' Lantern,,,Decorative,
2601,,Jack O' Lantern,,,Decorative,
2622,,Jack O' Lantern,,,Decorative,
2623,,Jack O' Lantern,,,Decorative,
2624,,Jack O' Lantern,,,Decorative,
2625,,Jack O' Lantern,,,Decorative,
2626,,Jack O' Lantern,,,Decorative,
2627,,Jack O' Lantern,,,Decorative,
2628,,Jack O' Lantern,,,Decorative,
2629,,Jack O' Lantern,,,Decorative,
2630,,Jack O' Lantern,,,Decorative,
2631,,Jack O' Lantern,,,Decorative,
2632,,Jack O' Lantern,,,Decorative,
2633,,Jack O' Lantern,,,Decorative,
2634,,Jack O' Lantern,,,Decorative,
2635,,Jack O' Lantern,,,Decorative,
2636,,Jack O' Lantern,,,Decorative,
2637,,Jack O' Lantern,,,Decorative,
2638,,Jack O' Lantern,,,Decorative,
2639,,Jack O' Lantern,,,Decorative,
2640,,Jack O' Lantern,,,Decorative,
2641,,Jack O' Lantern,,,Decorative,
2642,,Jack O' Lantern,,,Decorative,
2643,,Jack O' Lantern,,,Decorative,
2644,,Jack O' Lantern,,,Decorative,
2645,,Jack O' Lantern,,,Decorative,
2646,,Jack O' Lantern,,,Decorative,
2647,,Jack O' Lantern,,,Decorative,
2648,,Jack O' Lantern,,,Decorative,
2649,,Jack O' Lantern,,,Decorative,
2650,,Jack O' Lantern,,,Decorative,
2651,,Jack O' Lantern,,,Decorative,
2652,,Jack O' Lantern,,,Decorative,
2653,,Jack O' Lantern,,,Decorative,
2654,,Jack O' Lantern,,,Decorative,
2655,,Jack O' Lantern,,,Decorative,
2656,,Jack O' Lantern,,,Decorative,
2657,,Jack O' Lantern,,,Decorative,
2658,,Jack O' Lantern,,,Decorative,
2659,,Jack O' Lantern,,,Decorative,
2660,,Jack O' Lantern,,,Decorative,
2661,,Jack O' Lantern,,,Decorative,
2662,,Jack O' Lantern,,,Decorative,
2663,,Jack O' Lantern,,,Decorative,
2664,,Jack O' Lantern,,,Decorative,
2665,,Jack O' Lantern,,,Decorative,
2666,,Jack O' Lantern,,,Decorative,
2667,,Jack O' Lantern,,,Decorative,
2668,,Jack O' Lantern,,,Decorative,
2669,,Jack O' Lantern,,,Decorative,
2670,,Jack O' Lantern,,,Decorative,
2671,,Jack O' Lantern,,,Decorative,
2672,,Jack O' Lantern,,,Decorative,
2673,,Jack O' Lantern,,,Decorative,
2674,,Jack O' Lantern,,,Decorative,
2675,,Jack O' Lantern,,,Decorative,
2676,,Black Rose,,,Decorative,
2677,,Red Rose,,,Decorative,
2678,,White Rose,,,Decorative,
2679,,Blue Rose,,,Decorative,
2680,,Yellow Rose,,,Decorative,
2681,,Pink Rose,,,Decorative,
2682,,Green Rose,,,Decorative,
2683,,White Daisy,,,Decorative,
2684,,Black Daisy,,,Decorative,
2685,,Grey Daisy,,,Decorative,
2686,,Brown Daisy,,,Decorative,
2687,,Yellow Daisy,,,Decorative,
2688,,Red Daisy,,,Decorative,
2689,,Blue Daisy,,,Decorative,
2690,,Bouquet of Blue Pansies,,,Decorative,
2691,,Bouquet of Pink Pansies,,,Decorative,
2692,,Bouquet of Red Pansies,,,Decorative,
2693,,Bouquet of Yellow Pansies,,,Decorative,
2694,,Bouquet of Green Pansies,,,Decorative,
2695,,Bouquet of Violet Pansies,,,Decorative,
2696,,Bouquet of White Pansies,,,Decorative,
2697,,2008 Potted Blue Hibiscus,,,Decorative,
2698,,2008 Potted Pink Hibiscus,,,Decorative,
2699,,2008 Potted Purple Hibiscus,,,Decorative,
2700,,2008 Potted Yellow Hibiscus,,,Decorative,
2701,,Plant Bulb,,,Decorative,
2702,,Plant Bulb,,,Decorative,
2703,,Sprouted Bulb,,,Decorative,
2704,,Pot of Soil,,,Decorative,
2705,,Pot of Soil,,,Decorative,
2706,,Bonsai,,,Decorative,
2707,,Haworthia Cactus,,,Decorative,
2708,,Orchid,,,Decorative,
2709,,Sunflower,,,Decorative,
2710,,Morning Glories,,,Decorative,
2711,,Violets,,,Decorative,
2712,,Venus Fly Trap,,,Decorative,
2713,,Sansevieria,,,Decorative,
2714,,Nightshade,,,Decorative,
2715,,Ragged Robin,,,Decorative,
2716,,Poinsettia,,,Decorative,
2717,,Lavender,,,Decorative,
2718,,Orchid,,,Decorative,
2719,,Tiger Lily,,,Decorative,
2720,,Trumpet Flower,,,Decorative,
2721,,Venus Fly Trap,,,Decorative,
2722,,Lucky Bamboo,,,Decorative,
2723,,Corpse Flower,,,Decorative,
2724,,Haworthia,,,Decorative,
2725,,Eye Of Iris,,,Decorative,
2726,,Drear Lily,,,Decorative,
2727,,Poppy Posse,,,Decorative,
2728,,Venus Fiend,,,Decorative,
2729,,Purple Tulip,,,Decorative,
2730,,Giant Snapdragon,,,Decorative,
2731,,Gerbera Daisy,,,Decorative,
2732,,Shaped Lilac,,,Decorative,
2733,,Dyana's Rose,,,Decorative,
2734,,Trowel,,,Decorative,
2795,,Conch Shell,,,Decorative,
2796,,Starfish,,,Decorative,
2797,,Sand Dollar,,,Decorative,
2798,,Scotch Bonnet,,,Decorative,
2799,,Sea Urchin,,,Decorative,
2800,,Coral,,,Decorative,
2801,,Tabulate Coral,,,Decorative,
2802,,Grand Clam,,,Decorative,
2803,,Horseshoe Crab,,,Decorative,
2804,,Vulgata Limpet,,,Decorative,
2805,,Brittle Starfish,,,Decorative,
2806,,Teal Nautilus,,,Decorative,
2809,,Sandcastle,,,Decorative,
2810,,Sandcastle,,,Decorative,
2811,,Sandcastle,,,Decorative,
2812,,Sandcastle,,,Decorative,
2817,,Scarf,,,Decorative,
2818,,Carrot,,,Decorative,
2819,,Top Hat,,,Decorative,
2820,,Snowman,,,Decorative,
2822,,Brown Surfboard,,,Decorative,
2823,,Aqua Floral Surfboard,,,Decorative,
2824,,Pink Floral Surfboard,,,Decorative,
2825,,Blue Fast Surfboard,,,Decorative,
2826,,Wooden Surfboard,,,Decorative,
2827,,Purple Surfboard,,,Decorative,
2828,,Blue Surfboard,,,Decorative,
2829,,Green Balanced Surfborad,,,Decorative,
2830,,Orange  Balanced Surfborad,,,Decorative,
2831,,Pink  Balanced Surfborad,,,Decorative,
2832,,Yellow Balanced Surfborad,,,Decorative,
2833,,Butterfly,,,Decorative,
2834,,Butterfly,,,Decorative,
2835,,Butterfly,,,Decorative,
2836,,Butterfly,,,Decorative,
2837,,Butterfly,,,Decorative,
2838,,Butterfly,,,Decorative,
213,,Bottle of Water,,,Drink,
214,,Flask of Wine,,,Drink,
215,,Jug Of Ale,,,Drink,
216,,Ambrosia,,,Drink,
756,,Potion,,,Drink,
757,,Potion of Purified Water,,,Drink,
758,,Bottle of Swamp Water,,,Drink,
759,,Potion of Clumsiness,,,Drink,
760,,Potion of Cure Poison,,,Drink,
761,,Potion of Dexterity,,,Drink,
762,,Potion of Greater Health,,,Drink,
763,,Potion of Health,,,Drink,
764,,Potion of Invisibility,,,Drink,
765,,Potion of Pain,,,Drink,
766,,Potion of Poison,,,Drink,
767,,Potion of Regeneration,,,Drink,
768,,Potion of See Invisible,,,Drink,
769,,Potion of Strength,,,Drink,
770,,Potion of Weekness,,,Drink,
771,,Potion of Acid Shield,,,Drink,
772,,Potion of Cold Shield,,,Drink,
773,,Potion of Poison Shield,,,Drink,
774,,Potion of Lightning Shield,,,Drink,
775,,Potion of Fire Shield,,,Drink,
776,,Potion of Acid Curse,,,Drink,
777,,Potion of Cold Curse,,,Drink,
778,,Potion of Poison Curse,,,Drink,
779,,Potion of Lightning Curse,,,Drink,
780,,Potion of Fire Curse,,,Drink,
781,,Potion of Invulnerability,,,Drink,
782,,Potion of Shifting,,,Drink,
783,,Potion of Greater Invisibility,,,Drink,
784,,Potion of Death,,,Drink,
801,,Elixir,,,Drink,
802,,Life Elixir,,,Drink,
803,,Purifying Elixir,,,Drink,
804,,Spoiled Elixir,,,Drink,
2038,,Potion,,,Drink,
2612,,Hot Cocoa,,,Drink,
2613,,Hot Tea,,,Drink,
2614,,Hot Coffee,,,Drink,
2615,,Hot Cider,,,Drink,
2760,,Pink Lemonade,,,Drink,
2765,,Orangeade,,,Drink,
2766,,Grapetini,,,Drink,
877,,Bottle of Hair Dye,,,Dye Hair,
878,,Bottle of Light Red Hair Dye,,,Dye Hair,
879,,Bottle of Red Hair Dye,,,Dye Hair,
880,,Bottle of Light Grey Hair Dye,,,Dye Hair,
881,,Bottle of Gray Hair Dye,,,Dye Hair,
882,,Bottle of Dark Grey Hair Dye,,,Dye Hair,
883,,Bottle of Orange Hair Dye,,,Dye Hair,
884,,Bottle of Light Orange Hair Dye,,,Dye Hair,
885,,Bottle of Reddish Brown Hair Dye,,,Dye Hair,
886,,Bottle of Brown Hair Dye,,,Dye Hair,
887,,Bottle of Light Yellow Hair Dye,,,Dye Hair,
888,,Bottle of Yellow Hair Dye,,,Dye Hair,
889,,Bottle of Light Blue Hair Dye,,,Dye Hair,
890,,Bottle of Blue Hair Dye,,,Dye Hair,
891,,Bottle of White Hair Dye,,,Dye Hair,
892,,Bottle of Olive Hair Dye,,,Dye Hair,
893,,Bottle of Light Olive Hair Dye,,,Dye Hair,
894,,Bottle of Magenta Hair Dye,,,Dye Hair,
895,,Bottle of Light Magenta Hair Dye,,,Dye Hair,
896,,Bottle of Dark Brown Hair Dye,,,Dye Hair,
897,,Bottle of Light Brown Hair Dye,,,Dye Hair,
898,,Bottle of Aqua Hair Dye,,,Dye Hair,
899,,Bottle of Light Aqua Hair Dye,,,Dye Hair,
900,,Bottle of Green Hair Dye,,,Dye Hair,
901,,Bottle of Light Green Hair Dye,,,Dye Hair,
902,,Bottle of Purple Hair Dye,,,Dye Hair,
903,,Bottle of Light Purple Hair Dye,,,Dye Hair,
904,,Bottle of Pale Brown Hair Dye,,,Dye Hair,
905,,Bottle of Pale Pale Brown Hair Dye,,,Dye Hair,
207,,Loaf of Bread,,,Eat,
208,,Vegetables,,,Eat,
209,,Meat,,,Eat,
210,,Ratling Meat,,,Eat,
211,,Cheese,,,Eat,
212,,Ratling Cheese,,,Eat,
217,,Ratling Raw Meat,,,Eat,
218,,Arctic Ratling Meat,,,Eat,
219,,Wharf Ratling Meat,,,Eat,
220,,Flame Ratling Meat,,,Eat,
221,,Demon Ratling Meat,,,Eat,
222,,Chocolate Chip Cookies,,,Eat,
223,,Chocolate Cake,,,Eat,
224,,Heart-Shaped Box o' Chocolates,,,Eat,
2470,,Minotaur Soul Orb,,,Eat,
2471,,Dolus Thrall Heart,,,Eat,
2472,,Uplander Drudge Heart,,,Eat,
2473,,Kamirian Invader Heart,,,Eat,
2474,,Avalonian Heart,,,Eat,
2475,,Saurilian Warrior Heart,,,Eat,
2564,,Acorn,,,Eat,
2609,,Candy,,,Eat,
2610,,Candy,,,Eat,
2611,,Candy,,,Eat,
2616,,Chocolate Bunny,,,Eat,
2617,,Chocolate Egg,,,Eat,
2618,,Chocolate Egg,,,Eat,
2619,,Chocolate Egg,,,Eat,
2620,,Chocolate Egg,,,Eat,
2621,,Gingerbread Man,,,Eat,
2738,,Apple,,,Eat,
2739,,Apple,,,Eat,
2740,,Apple,,,Eat,
2741,,Apple,,,Eat,
2742,,Apple,,,Eat,
2743,,Apple,,,Eat,
2744,,Apple,,,Eat,
2745,,Apple,,,Eat,
2746,,Apple,,,Eat,
2747,,Apple,,,Eat,
2748,,Apple,,,Eat,
2749,,Apple,,,Eat,
2750,,Apple,,,Eat,
2751,,Apple,,,Eat,
2752,,Apple,,,Eat,
2753,,Apple,,,Eat,
2754,,Apple,,,Eat,
2755,,Apple,,,Eat,
2756,,Apple,,,Eat,
2757,,Apple,,,Eat,
2758,,Apple,,,Eat,
2759,,Apple,,,Eat,
2761,,Pumpkin Pie,,,Eat,
2762,,Apple Pie,,,Eat,
2763,,Pecan Pie,,,Eat,
2764,,Sweet Potato Pie,,,Eat,
2807,,Oyster,,,Eat,
2816,,Toffee Apple,,,Eat,
2821,,Candy Cane,,,Eat,
1294,,Belt,,,Jewelry,
1320,,Amulet,,,Jewelry,
1321,,Amulet of Choking,,,Jewelry,
1322,,Amulet of Clumsiness,,,Jewelry,
1323,,Amulet of Cold Protection,,,Jewelry,
1324,,Amulet of Combat,,,Jewelry,
1325,,Amulet of Concentration,,,Jewelry,
1326,,Amulet of Dexterity,,,Jewelry,
1327,,Amulet of Dodging,,,Jewelry,
1328,,Amulet of Endurance,,,Jewelry,
1329,,Amulet of Fire Protection,,,Jewelry,
1330,,Amulet of Memory,,,Jewelry,
1331,,Amulet of Grounding,,,Jewelry,
1332,,Amulet of Intelligence,,,Jewelry,
1333,,Amulet of Retention,,,Jewelry,
1334,,Amulet of Shielding,,,Jewelry,
1335,,Amulet of Strength,,,Jewelry,
1336,,Amulet of Stupidity,,,Jewelry,
1337,,Amulet of Vulnerability,,,Jewelry,
1338,,Amulet of Weakness,,,Jewelry,
1339,,Amulet of Weatherproofing,,,Jewelry,
1340,,Amulet of Free Will,,,Jewelry,
1341,,Amulet of Death Magic Protection,,,Jewelry,
1342,,Amulet of Protection,,,Jewelry,
1343,,Ring,,,Jewelry,
1344,,Ring of Copper,,,Jewelry,
1345,,Topaz Ring,,,Jewelry,
1346,,Turquoise Ring,,,Jewelry,
1347,,Engagement Ring,,,Jewelry,
1348,,Wedding Ring,,,Jewelry,
1349,,Expensive Wedding Ring,,,Jewelry,
1350,,Royal Wedding Ring,,,Jewelry,
1351,,Ring of Clumsiness,,,Jewelry,
1352,,Ring of Dexterity,,,Jewelry,
1353,,Ring of Endurance,,,Jewelry,
1354,,Ring of Entrnal Nourishment,,,Jewelry,
1355,,Ring of Gender,,,Jewelry,
1356,,Ring of Intelligence,,,Jewelry,
1357,,Ring of Nakedness,,,Jewelry,
1358,,Ring of Regeneration,,,Jewelry,
1359,,Ring of Strength,,,Jewelry,
1360,,Ring of Stupidity,,,Jewelry,
1361,,Ring of Ugliness,,,Jewelry,
1362,,Ring of Weakness,,,Jewelry,
1534,,Belt of See Invisible,,,Jewelry,
1535,,Belt of Strength,,,Jewelry,
1536,,Belt of Weakness,,,Jewelry,
1537,,Belt of Load,,,Jewelry,
1538,,Belt of Carrying,,,Jewelry,
2039,,Ring,,,Jewelry,
2062,,Ring,,,Jewelry,
353,,Tome,,,Learn,
354,,Book,,,Learn,
358,,Book,,,Learn,
359,,Familiarty with Short Swords,,,Learn,
360,,Short Sword Proficiency,,,Learn,
361,,Short Sword Expertise,,,Learn,
362,,The Master's Book of Short Swords,,,Learn,
363,,Short Sword Grand-Mastery,,,Learn,
364,,Book,,,Learn,
365,,Familiarty with Long Swords,,,Learn,
366,,Long Sword Proficiency,,,Learn,
367,,Expertise with Long Swords,,,Learn,
368,,Long Swords Mastery,,,Learn,
369,,Long Sword Grand-Mastery,,,Learn,
370,,Book,,,Learn,
371,,Familiarty with Two-Handed Swords,,,Learn,
372,,Two-Handed Swords Proficiency,,,Learn,
373,,Expertise with Two-Handed Swords,,,Learn,
374,,Two-Handed Swords Mastery,,,Learn,
375,,Two-Handed Swords Grand-Mastery,,,Learn,
376,,Book,,,Learn,
377,,Familiarty with Daggers,,,Learn,
378,,Daggers Proficiency,,,Learn,
379,,Expertise with Daggers,,,Learn,
380,,Daggers Mastery,,,Learn,
381,,Daggers Grand-Mastery,,,Learn,
382,,Book,,,Learn,
383,,Familiarty with Axes,,,Learn,
384,,Axes Proficiency,,,Learn,
385,,Expertise with Axes,,,Learn,
386,,Axes Mastery,,,Learn,
387,,Axes Grand-Mastery,,,Learn,
388,,Book,,,Learn,
389,,Familiarty with Clubs,,,Learn,
390,,Clubs Proficiency,,,Learn,
391,,Expertise with Clubs,,,Learn,
392,,Clubs Mastery,,,Learn,
393,,Clubs Grand-Mastery,,,Learn,
394,,Book,,,Learn,
395,,Familiarty with Maces,,,Learn,
396,,Maces Proficiency,,,Learn,
397,,Expertise with Maces,,,Learn,
398,,Maces Mastery,,,Learn,
399,,Maces Grand-Mastery,,,Learn,
400,,Book,,,Learn,
401,,Familiarty with Unarmed Combat,,,Learn,
402,,Unarmed Combat Proficiency,,,Learn,
403,,Expertise with Unarmed Combat,,,Learn,
404,,Unarmed Combat Mastery,,,Learn,
405,,Unarmed Combat Grand-Mastery,,,Learn,
406,,Book,,,Learn,
407,,Familiarty with Throwing Weapons,,,Learn,
408,,Throwing Weapons Proficiency,,,Learn,
409,,Expertise with Throwing Weapons,,,Learn,
410,,Throwing Weapons Mastery,,,Learn,
411,,Throwing Weapons Grand-Mastery,,,Learn,
412,,Book,,,Learn,
413,,Familiarty with Acrobatics,,,Learn,
414,,Acrobatics Proficiency,,,Learn,
415,,Expertise with Acrobatics,,,Learn,
416,,Acrobatics Mastery,,,Learn,
417,,Acrobatics Grand-Mastery,,,Learn,
418,,Book,,,Learn,
419,,Familiarty with Mauls,,,Learn,
420,,Mauls Proficiency,,,Learn,
421,,Expertise with Mauls,,,Learn,
422,,Mauls Mastery,,,Learn,
423,,Mauls Grand-Mastery,,,Learn,
424,,Book,,,Learn,
425,,Familiar Sorceries,,,Learn,
426,,Sorceries Proficiencies,,,Learn,
427,,Expert Sorceries,,,Learn,
428,,Sorceries Mastery,,,Learn,
429,,Sorceries Grand-Mastery,,,Learn,
430,,Book,,,Learn,
431,,Familiar Elemental Spells,,,Learn,
432,,Elementalism Proficiencies,,,Learn,
433,,Expert Elemental Spells,,,Learn,
434,,Elementalism Mastery,,,Learn,
435,,Elementalism Grand-Mastery,,,Learn,
436,,Book,,,Learn,
437,,Familiar Mystic Spells,,,Learn,
438,,Mysticism Proficiencies,,,Learn,
439,,Expert Mystic Spells,,,Learn,
440,,Mysticism Mastery,,,Learn,
441,,Mysticism Grand-Mastery,,,Learn,
442,,Book,,,Learn,
443,,Familiar Thaumaturgical Spells,,,Learn,
444,,Thaumatutgy Proficiencies,,,Learn,
445,,Expert Thaumaturgical Spells,,,Learn,
446,,Thaumatutgy Mastery,,,Learn,
447,,Thaumatutgy Grand-Mastery,,,Learn,
448,,Book,,,Learn,
449,,Familiar Necromancy Spells,,,Learn,
450,,Necromancy Proficiencies,,,Learn,
451,,Expert Necromancy Spells,,,Learn,
452,,Necromancy Mastery,,,Learn,
453,,Necromancy Grand-Mastery,,,Learn,
454,,Book,,,Learn,
455,,Familiar Theurgism,,,Learn,
456,,Theurgism Proficiencies,,,Learn,
457,,Theurgism Expertise,,,Learn,
458,,Theurgism Mastery,,,Learn,
459,,Theurgism Grand-Mastery,,,Learn,
460,,Book,,,Learn,
461,,Familiar Alchemy,,,Learn,
462,,Alchemy Proficiencies,,,Learn,
463,,Alchemy Expertise,,,Learn,
464,,Alchemy Mastery,,,Learn,
465,,Alchemy Grand-Mastery,,,Learn,
466,,Book,,,Learn,
467,,Familiar Weaponsmithing,,,Learn,
468,,Weaponsmithing Proficiencies,,,Learn,
469,,Expert Weaponsmithing,,,Learn,
470,,Weaponsmithing Mastery,,,Learn,
471,,Weaponsmithing Grand-Mastery,,,Learn,
472,,Book,,,Learn,
473,,Familiar Armorcrafting,,,Learn,
474,,Armorcrafting Proficiencies,,,Learn,
475,,Expert Armorcrafting,,,Learn,
476,,Armorcrafting Mastery,,,Learn,
477,,Armorcrafting Grand-Mastery,,,Learn,
478,,Book,,,Learn,
479,,Familiar Tracking,,,Learn,
480,,Tracking Proficiencies,,,Learn,
481,,Expert Tracking,,,Learn,
482,,Tracking Mastery,,,Learn,
483,,Tracking Grand-Mastery,,,Learn,
484,,Book,,,Learn,
485,,Familiar Healing,,,Learn,
486,,Healing Proficiencies,,,Learn,
487,,Healing Expertise,,,Learn,
488,,Healing Mastery,,,Learn,
489,,Healing Grand-Mastery,,,Learn,
490,,Book,,,Learn,
491,,Familiar Pickpocketing,,,Learn,
492,,Pickpocketing Proficiencies,,,Learn,
493,,Pickpocketing Expertise,,,Learn,
494,,Pickpocketing Mastery,,,Learn,
495,,Pickpocketing Grand-Mastery,,,Learn,
496,,Book,,,Learn,
497,,Basics of Trap Detection and Disarming,,,Learn,
498,,Proficient Trap Manipulation,,,Learn,
499,,Expert Discourse on Traps,,,Learn,
500,,Mastery of Traps,,,Learn,
501,,Disarming Traps: A Grand-Master Treatment,,,Learn,
502,,Book,,,Learn,
503,,Basics of Lockpicking,,,Learn,
504,,Lockpicking Proficiency,,,Learn,
505,,Expert Lockpicking,,,Learn,
506,,Lockpicking Masterful Locks,,,Learn,
507,,Lockpicking Grand-Mastery,,,Learn,
508,,Book,,,Learn,
509,,The Basics of Meditation,,,Learn,
510,,Becoming Proficient in Meditation,,,Learn,
511,,Meditation: Revelations of an Expert,,,Learn,
512,,Mastering Meditation,,,Learn,
513,,Meditation Grand-Mastery,,,Learn,
514,,Book,,,Learn,
515,,The Basics of Critical Striking,,,Learn,
516,,Critical Striking Proficiencies,,,Learn,
517,,Critical Striking: An Expert Discourse,,,Learn,
518,,Mastery of Critical Striking,,,Learn,
519,,Critical Striking Grand-Mastery,,,Learn,
520,,Book,,,Learn,
521,,The Basics of Shield Usage,,,Learn,
522,,Proficiencies in Shield Usage,,,Learn,
523,,Using Your Shield: An Expert Discourse,,,Learn,
524,,Mastering the Shield,,,Learn,
525,,Shields: Defense by a Grand-Master,,,Learn,
526,,Book,,,Learn,
527,,Familiar Crafting,,,Learn,
528,,Crafting Proficiencies,,,Learn,
529,,Expert Crafting,,,Learn,
530,,Crafting Mastery,,,Learn,
531,,Crafting Grand-Mastery,,,Learn,
532,,Book,,,Learn,
533,,Blank Spellbook,,,Learn,
534,,Spellbook of Home,,,Learn,
535,,Spellbook of Killstar,,,Learn,
536,,Spellbook of Unlock,,,Learn,
537,,Spellbook of Dispel Magic,,,Learn,
538,,Spellbook of Engrave,,,Learn,
539,,Spellbook of Multi-Blade,,,Learn,
540,,Spellbook of Gather the Fellowship,,,Learn,
541,,Spellbook of Cornucopia,,,Learn,
542,,Spellbook of Cloud of Fog,,,Learn,
543,,Spellbook of Improve Armor,,,Learn,
544,,Spellbook of Teleport,,,Learn,
545,,Spellbook of Extension,,,Learn,
546,,Spellbook of See Invisibility,,,Learn,
547,,Spellbook of Shift,,,Learn,
548,,Spellbook of Invisibility,,,Learn,
549,,Spellbook of Combat Teleport,,,Learn,
550,,Spellbook of Teleport Group,,,Learn,
551,,Spellbook of Permanency,,,Learn,
552,,Spellbook of Rust,,,Learn,
553,,Spellbook of Defenselessness,,,Learn,
554,,Spellbook of Improved Invisibility,,,Learn,
555,,Spellbook of Enchant Item,,,Learn,
556,,Spellbook of Mass Rust,,,Learn,
557,,Spellbook of Elphame's Justice,,,Learn,
558,,Spellbook of Greater Identify,,,Learn,
559,,Spellbook of Fire Grasp,,,Learn,
560,,Spellbook of Flame Orb,,,Learn,
561,,Spellbook of Arctic Grasp,,,Learn,
562,,Spellbook of Ice Orb,,,Learn,
563,,Spellbook of Earth Spike,,,Learn,
564,,Spellbook of Incinerate,,,Learn,
565,,Spellbook of Gust of Wind,,,Learn,
566,,Spellbook of Immorlation,,,Learn,
567,,Spellbook of Dancing Flame,,,Learn,
568,,Spellbook of Flame Blade,,,Learn,
569,,Spellbook of Electric Charge,,,Learn,
570,,Spellbook of Cold Steel,,,Learn,
571,,Spellbook of Sandstorm,,,Learn,
572,,Spellbook of Spark,,,Learn,
573,,Spellbook of Ice Storm,,,Learn,
574,,Spellbook of Freezing Wind,,,Learn,
575,,Spellbook of Hurricane,,,Learn,
576,,Spellbook of Crawling Charge,,,Learn,
577,,Spellbook of Stoning,,,Learn,
578,,Spellbook of Fireball,,,Learn,
579,,Spellbook of Lightning Bolt,,,Learn,
580,,Spellbook of Freeze,,,Learn,
581,,Spellbook of Crushing Boulder,,,Learn,
582,,Spellbook of Electric Fury,,,Learn,
583,,Spellbook of Cold Snap,,,Learn,
584,,Spellbook of Earthquake,,,Learn,
585,,Spellbook of Despothes' Wrath,,,Learn,
586,,Spellbook of Hold Monster,,,Learn,
587,,Spellbook of Fumble,,,Learn,
588,,Spellbook of Psychic Orb,,,Learn,
589,,Spellbook of Confusion,,,Learn,
590,,Spellbook of Mind Shackle,,,Learn,
591,,Spellbook of Identify,,,Learn,
592,,Spellbook of Berserk,,,Learn,
593,,Spellbook of Stun,,,Learn,
594,,Spellbook of Loyalty Shift,,,Learn,
595,,Spellbook of Warp Mind,,,Learn,
596,,Spellbook of Etherealize,,,Learn,
597,,Spellbook of Spell Blast,,,Learn,
598,,Spellbook of Mass Hold,,,Learn,
599,,Spellbook of Mass Fumble,,,Learn,
600,,Spellbook of Fear,,,Learn,
601,,Spellbook of Iron Chains,,,Learn,
602,,Spellbook of Mass Berserk,,,Learn,
603,,Spellbook of Mass Stun,,,Learn,
604,,Spellbook of Mass Loyalty Shift,,,Learn,
605,,Spellbook of Mabon's Forced Flee,,,Learn,
606,,Spellbook of Forget,,,Learn,
607,,Spellbook of Illusionary Foe,,,Learn,
608,,Spellbook of Anti-Magic Aura,,,Learn,
609,,Spellbook of Light Dart,,,Learn,
610,,Spellbook of Ninbility,,,Learn,
611,,Spellbook of Empower,,,Learn,
612,,Spellbook of Missile Resistance,,,Learn,
613,,Spellbook of Heal,,,Learn,
614,,Spellbook of Summon Pixie,,,Learn,
615,,Spellbook of Purify,,,Learn,
616,,Spellbook of Cure Poison,,,Learn,
617,,Spellbook of Greater Heal,,,Learn,
618,,Spellbook of Remove Curse,,,Learn,
619,,Spellbook of Summon Faery,,,Learn,
620,,Spellbook of Shield,,,Learn,
621,,Spellbook of Greater Shield,,,Learn,
622,,Spellbook of Wrath od the Gods,,,Learn,
623,,Spellbook of Fire Shield,,,Learn,
624,,Spellbook of Cold Shield,,,Learn,
625,,Spellbook of Lightning Shield,,,Learn,
626,,Spellbook of Poison Shield,,,Learn,
627,,Spellbook of Acid Shield,,,Learn,
628,,Spellbook of Summon Nymph,,,Learn,
629,,Spellbook of Regeneration,,,Learn,
630,,Spellbook of Indestruction,,,Learn,
631,,Spellbook of Invulnerability,,,Learn,
632,,Spellbook of Enid's Blessing,,,Learn,
633,,Spellbook of Banishment,,,Learn,
634,,Spellbook of Summon Faery Queen,,,Learn,
635,,Spellbook of Acid Sphere,,,Learn,
636,,Spellbook of Venomous Touch,,,Learn,
637,,Spellbook of Curse of Clumsiness,,,Learn,
638,,Spellbook of Poison Bolt,,,Learn,
639,,Spellbook of Enfeeble,,,Learn,
640,,Spellbook of Drain Life,,,Learn,
641,,Spellbook of Acid Cloud,,,Learn,
642,,Spellbook of Summon Zombie,,,Learn,
643,,Spellbook of Venom,,,Learn,
644,,Spellbook of Summon Undead,,,Learn,
645,,Spellbook of Acid Rain,,,Learn,
646,,Spellbook of Poison Curse,,,Learn,
647,,Spellbook of Acid Curse,,,Learn,
648,,Spellbook of Fire Curse,,,Learn,
649,,Spellbook of Cold Curse,,,Learn,
650,,Spellbook of Electric Curse,,,Learn,
651,,Spellbook of Night Friends,,,Learn,
652,,Spellbook of Steal Life,,,Learn,
653,,Spellbook of Summon Doppelganger,,,Learn,
654,,Spellbook of Death Touch,,,Learn,
655,,Spellbook of Banish Unded,,,Learn,
656,,Spellbook of Shadow Warrior,,,Learn,
657,,Spellbook of Summon Daemon,,,Learn,
658,,Spellbook of Duach's Vengeance,,,Learn,
659,,Spellbook of Death Wish,,,Learn,
660,,Spellbook of Mass Drain,,,Learn,
661,,Spellbook of Mass heal,,,Learn,
2042,,Book,,,Learn,
2043,,Book,,,Learn,
2044,,Book,,,Learn,
2045,,Book,,,Learn,
2046,,Book,,,Learn,
2047,,Book,,,Learn,
2048,,Book,,,Learn,
2049,,Book,,,Learn,
2050,,Book,,,Learn,
2051,,Book,,,Learn,
2052,,Book,,,Learn,
2121,,Book,,,Learn,
817,,Weaponsmithing Hammer,,,Make Item,
818,,Armorsmithing Hammer,,,Make Item,
819,,Alchemy Tool,,,Make Item,
820,,Healer Tool,,,Make Item,
821,,Tracking Tool,,,Make Item,
823,,Bag of Tools,,,Make Item,
822,,Leather Pouch,,,Containers,
155,,Unnamed Object,,,Metal,
157,,Wooden Block,,,Metal,
158,,Iron Bar,,,Metal,
159,,Steel Bar,,,Metal,
160,,Carbon-Steel Bar,,,Metal,
161,,Mythril Bar,,,Metal,
162,,Obsidianite Block,,,Metal,
163,,Admantium Block,,,Metal,
167,,Finvarium,,,Metal,
168,,Mabonite,,,Metal,
181,,Osmium Bar,,,Metal,
182,,Iridium Bar,,,Metal,
183,,Copper Bar,,,Metal,
184,,Brass Bar,,,Metal,
1311,,Legend's Baldric,,,Outerware,
1133,,Robe,,,Outerware,
1134,,Robe,,,Outerware,
1295,,Baldric,,,Outerware,
1296,,Olive Baldric,,,Outerware,
1297,,Neophyte's Baldric,,,Outerware,
1298,,Azure Baldric,,,Outerware,
1299,,Familiar Player's Baldric,,,Outerware,
1300,,Pink Baldric,,,Outerware,
1301,,Seasoned Player's Baldric,,,Outerware,
1302,,Veteran's Baldric,,,Outerware,
1303,,Violet Baldric,,,Outerware,
1304,,Expert Player's Baldric,,,Outerware,
1305,,Skilled Player's Baldric,,,Outerware,
1306,,Tan Baldric,,,Outerware,
1307,,Aqua Baldric,,,Outerware,
1308,,Teal Baldric,,,Outerware,
1309,,Jade Baldric,,,Outerware,
1310,,Grand-Master's Baldric,,,Outerware,
1312,,Pink Baldric,,,Outerware,
1313,,Purple Baldric,,,Outerware,
1314,,White Baldric,,,Outerware,
1315,,White Baldric,,,Outerware,
1316,,Black Baldric,,,Outerware,
1317,,Advance Player's Baldric,,,Outerware,
1318,,Master Player's Baldric,,,Outerware,
1319,,Baldric of Satori,,,Outerware,
1539,,Mage's Robe,,,Outerware,
1612,,Sentinel's Baldric,,,Outerware,
1613,,Implementor's Bladric,,,Outerware,
1614,,Event Host's Baldric,,,Outerware,
1615,,Mentor's Baldric,,,Outerware,
1616,,Storyline's Baldric,,,Outerware,
2594,,Sentinel's Holiday Baldric,,,Outerware,
2767,,Swimsuit,,,Outerware,
2768,,Swimsuit,,,Outerware,
2769,,Swimsuit,,,Outerware,
2770,,Swimsuit,,,Outerware,
2771,,Swimsuit,,,Outerware,
2772,,Swimsuit,,,Outerware,
2773,,Swimsuit,,,Outerware,
2774,,Swimsuit,,,Outerware,
2775,,Swimsuit,,,Outerware,
2776,,Swimsuit,,,Outerware,
2777,,Swimsuit,,,Outerware,
2778,,Swimsuit,,,Outerware,
2779,,Swimsuit,,,Outerware,
2780,,Swimsuit,,,Outerware,
2781,,Swimsuit,,,Outerware,
2782,,Swimsuit,,,Outerware,
2783,,Swimsuit,,,Outerware,
2784,,Swimsuit,,,Outerware,
2785,,Swimsuit,,,Outerware,
2786,,Swimsuit,,,Outerware,
2787,,Swimsuit,,,Outerware,
2788,,Swimsuit,,,Outerware,
2789,,Swimsuit,,,Outerware,
2790,,Swimsuit,,,Outerware,
2791,,Swimsuit,,,Outerware,
2792,,Swimsuit,,,Outerware,
2793,,Swimsuit,,,Outerware,
2794,,Swimsuit,,,Outerware,
960,,Mushroom,,,Sitting,
961,,Mushroom Right,,,Sitting,
962,,Mushroom Left,,,Sitting,
963,,Sitting Rock Right,,,Sitting,
964,,Sitting Rock Left,,,Sitting,
965,,Stool,,,Sitting,
966,,Stool Right,,,Sitting,
967,,Stool Left,,,Sitting,
968,,Chair,,,Sitting,
969,,Chair Right,,,Sitting,
970,,Chair Left,,,Sitting,
971,,Stone Bench,,,Sitting,
972,,Stone Bench Right,,,Sitting,
973,,Stone Bench Left,,,Sitting,
320,,Perfect Rose,,,Usables,
321,,Despothes' Scepter,,,Usables,
322,,Duach's Crystal,,,Usables,
323,,Mabon's Staff,,,Usables,
324,,Scroll,,,Usables,
325,,Scroll of Paper,,,Usables,
326,,Scroll of Damnation,,,Usables,
327,,Scroll of Disguise,,,Usables,
328,,Scroll of Escape,,,Usables,
329,,Scroll of Greater Identify,,,Usables,
330,,Scroll of Greater Shield,,,Usables,
331,,Scroll of Identify,,,Usables,
332,,Scroll of Immolation,,,Usables,
333,,Scroll of Lost Thought,,,Usables,
334,,Scroll of Missile Resistance,,,Usables,
335,,Scroll of Monster Summoning I,,,Usables,
336,,Scroll of Monster Summoning II,,,Usables,
337,,Scroll of Monster Summoning III,,,Usables,
338,,Scroll of Resist Cold,,,Usables,
339,,Scroll of Resist Fire,,,Usables,
340,,Scroll of Resist Lightning,,,Usables,
341,,Scroll of Rusting,,,Usables,
342,,Scroll of Shielding,,,Usables,
343,,Scroll of Defenslessness,,,Usables,
346,,Tome,,,Usables,
347,,Book of Tales,,,Usables,
348,,Tome of Divine Inspiration,,,Usables,
349,,Tome of Evil Deeds,,,Usables,
350,,Tome of Forgetfulness,,,Usables,
351,,Tome of Great Works,,,Usables,
352,,Tome of Understanding,,,Usables,
743,,Wand,,,Usables,
744,,Polished Stick,,,Usables,
745,,Wand of Berserk,,,Usables,
746,,Wand of Fireballs,,,Usables,
747,,Wand of Freezing Wind,,,Usables,
748,,Wand of Lightning,,,Usables,
749,,Wand of Nakedness,,,Usables,
750,,Wand of Poison Bolts,,,Usables,
751,,Wand of Rust,,,Usables,
752,,Wand of Stoning,,,Usables,
753,,Wand of Ugly,,,Usables,
785,,Orb,,,Usables,
786,,Glass Orb,,,Usables,
787,,Orb of Teleportation,,,Usables,
788,,Orb of Immolation,,,Usables,
789,,Orb of Wind,,,Usables,
790,,Flame Orb,,,Usables,
791,,Orb of Fumbling,,,Usables,
792,,Orb of Forgetfulness,,,Usables,
793,,Orb of Holding,,,Usables,
794,,Orb of Healing,,,Usables,
795,,Orb of Greater Healing,,,Usables,
796,,Orb of Extension,,,Usables,
797,,Orb of Healing (defunct),,,Usables,
798,,Orb of Invisibility (defunct),,,Usables,
799,,Orb of Lightning (defunct),,,Usables,
800,,Orb of Mana (defunct),,,Usables,
805,,Bauble,,,Usables,
806,,Fire Bauble,,,Usables,
807,,Ice Bauble,,,Usables,
808,,Acid Bauble,,,Usables,
809,,Lightning Bauble,,,Usables,
810,,Shield Bauble,,,Usables,
811,,Bauble of Health,,,Usables,
812,,Bauble of Experience,,,Usables,
813,,Bauble of +10k Experience,,,Usables,
814,,Bauble of - 10k Experience,,,Usables,
815,,Bauble of +100k Experience,,,Usables,
816,,Bauble of - 100K Experience,,,Usables,
2021,,Bauble,,,Usables,
2037,,Orb,,,Usables,
2040,,Scroll,,,Usables,
2041,,Bauble,,,Usables,
2053,,Tome,,,Usables,
2054,,Wand,,,Usables,
2060,,Bauble,,,Usables,
2061,,Wand,,,Usables,
2063,,Orb,,,Usables,
2064,,Tome,,,Usables,
1471,,Healing Elixir,,,Useables,
1472,,Greater Healing Elixir,,,Useables,
1473,,Elixir of Regeneration,,,Useables,
1474,,Poison Cure,,,Useables,
1546,,The Wrath,,,Weapon,
1363,,Weapon,,,Weapon,
1364,,Throwing Dagger,,,Weapon,
1365,,Claw,,,Weapon,
1366,,Dagger,,,Weapon,
1367,,Short Sword,,,Weapon,
1368,,Long Sword,,,Weapon,
1369,,Broad Sword,,,Weapon,
1370,,Club,,,Weapon,
1371,,Mace,,,Weapon,
1372,,Two Handed Sword,,,Weapon,
1373,,Battle Axe,,,Weapon,
1374,,Maul,,,Weapon,
1375,,Mace,,,Weapon,
1376,,Maul,,,Weapon,
1377,,Iron Throwing Dagger,,,Weapon,
1378,,Iron Claw,,,Weapon,
1379,,Iron Dagger,,,Weapon,
1380,,Iron Short Sword,,,Weapon,
1381,,Iron Long Sword,,,Weapon,
1382,,Iron Broad Sword,,,Weapon,
1383,,Oaken Cudgel,,,Weapon,
1384,,Iron Mace,,,Weapon,
1385,,Iron Two Handed Sword,,,Weapon,
1386,,Iron Axe,,,Weapon,
1387,,Oaken Maul,,,Weapon,
1388,,Steel Throwing Dagger,,,Weapon,
1389,,Steel Claw,,,Weapon,
1390,,Steel Dagger,,,Weapon,
1391,,Steel Short Sword,,,Weapon,
1392,,Steel Long Sword,,,Weapon,
1393,,Steel Broad Sword,,,Weapon,
1394,,Steel Club,,,Weapon,
1395,,Steel Mace,,,Weapon,
1396,,Steel Two Handed Sword,,,Weapon,
1397,,Steel Axe,,,Weapon,
1398,,Steel Maul,,,Weapon,
1399,,Tempered Steel Throwing Dagger,,,Weapon,
1400,,Tempered Steel Claw,,,Weapon,
1401,,Tempered Steel Dagger,,,Weapon,
1402,,Tempered Steel Short Sword,,,Weapon,
1403,,Tempered Steel Long Sword,,,Weapon,
1404,,Tempered Steel Broad Sword,,,Weapon,
1405,,Tempered Steel Club,,,Weapon,
1406,,Tempered Steel Mace,,,Weapon,
1407,,Tempered Steel Two Handed Sword,,,Weapon,
1408,,Tempered Steel Axe,,,Weapon,
1409,,Tempered Steel Maul,,,Weapon,
1410,,Mythril Throwing Dagger,,,Weapon,
1411,,Mythril Claw,,,Weapon,
1412,,Mythril Dagger,,,Weapon,
1413,,Mythril Short Sword,,,Weapon,
1414,,Mythril Long Sword,,,Weapon,
1415,,Mythril Broad Sword,,,Weapon,
1416,,Mythril Club,,,Weapon,
1417,,Mythril Mace,,,Weapon,
1418,,Mythril Two Handed Sword,,,Weapon,
1419,,Mythril Axe,,,Weapon,
1420,,Mythril Maul,,,Weapon,
1421,,Obsidianite Throwing Dagger,,,Weapon,
1422,,Obsidianite Claw,,,Weapon,
1423,,Obsidianite Dagger,,,Weapon,
1424,,Obsidianite Short Sword,,,Weapon,
1425,,Obsidianite Long Sword,,,Weapon,
1426,,Obsidianite Broad Sword,,,Weapon,
1427,,Obsidianite Club,,,Weapon,
1428,,Obsidianite Mace,,,Weapon,
1429,,Obsidianite Two Handed Sword,,,Weapon,
1430,,Obsidianite Axe,,,Weapon,
1431,,Obsidianite Maul,,,Weapon,
1432,,Admantium Throwing Dagger,,,Weapon,
1433,,Admantium Claw,,,Weapon,
1434,,Admantium Dagger,,,Weapon,
1435,,Admantium Short Sword,,,Weapon,
1436,,Admantium Long Sword,,,Weapon,
1437,,Admantium Broad Sword,,,Weapon,
1438,,Admantium Club,,,Weapon,
1439,,Admantium Mace,,,Weapon,
1440,,Admantium Two Handed Sword,,,Weapon,
1441,,Admantium Axe,,,Weapon,
1442,,Admantium Maul,,,Weapon,
1443,,Training Knife,,,Weapon,
1444,,Training Blade,,,Weapon,
1445,,Training Blade,,,Weapon,
1446,,Training Mace,,,Weapon,
1447,,Training Maul,,,Weapon,
1540,,The Stinger,,,Weapon,
1541,,Fangblade,,,Weapon,
1542,,The Executioner,,,Weapon,
1543,,Life Leech,,,Weapon,
1544,,Vulcan Edge,,,Weapon,
1545,,Nullsword,,,Weapon,
1547,,The Defender,,,Weapon,
1548,,Unholy Club,,,Weapon,
1549,,Mace of Virtue,,,Weapon,
1550,,Sword of Vengence,,,Weapon,
1551,,Sword of Tiwaz,,,Weapon,
1552,,Uruz Dagger,,,Weapon,
1553,,Sword of the Mists,,,Weapon,
1554,,Berserker's Axe,,,Weapon,
1555,,Mists Short Sword,,,Weapon,
1556,,Mist Wizard Dagger,,,Weapon,
1557,,The Bonecrusher,,,Weapon,
1558,,Finvarra's Fist,,,Weapon,
1559,,Thief's Blade,,,Weapon,
1560,,Ironwood Cudgel,,,Weapon,
1561,,Odin's Edge,,,Weapon,
1562,,Fuloran's Maul,,,Weapon,
1563,,The Defender,,,Weapon,
1564,,The Keeper,,,Weapon,
1565,,The Preserver,,,Weapon,
1566,,The Patron,,,Weapon,
1567,,Gnaw Blade,,,Weapon,
1568,,Arctic Blade,,,Weapon,
1569,,Lightning Blade,,,Weapon,
1570,,Vulcan Blade,,,Weapon,
1571,,Sword of Kenaz,,,Weapon,
1572,,Sword of Dagaz,,,Weapon,
1573,,Sword of Eihwaz,,,Weapon,
1574,,Sword of Hagalaz,,,Weapon,
1575,,Blood Sword,,,Weapon,
1576,,Heart Sword,,,Weapon,
1577,,Spirit Sword,,,Weapon,
1578,,Soul Sword,,,Weapon,
1579,,Holy Sword,,,Weapon,
1580,,Vampiric Shiv,,,Weapon,
1581,,Caustic Grasp,,,Weapon,
1582,,The Ohm,,,Weapon,
1583,,Thug Club,,,Weapon,
1584,,Bandit Sword,,,Weapon,
1585,,Warlord Axe,,,Weapon,
1586,,Magus Dagger,,,Weapon,
1587,,Scout Dagger,,,Weapon,
1601,,Dragon Claw,,,Weapon,
1602,,Duach's Thorn,,,Weapon,
1603,,Enid's Needle,,,Weapon,
1604,,Fafnir's Fang,,,Weapon,
1605,,Finvarra's Defender,,,Weapon,
1606,,Gram Sword of the Dragon Slayer,,,Weapon,
1607,,Harbinger,,,Weapon,
1608,,The Wyrd Dagger,,,Weapon,
2033,,Weapon,,,Weapon,
2055,,Admantium Maul,,,Weapon,
2065,,Admantium Maul,,,Weapon,
2078,,Dagger,,,Weapon,
2079,,Dagger,,,Weapon,
2080,,Long Sword,,,Weapon,
2081,,Long Sword,,,Weapon,
2105,,Dagger,,,Weapon,
2111,,Dagger,,,Weapon,
2115,,Admantium Maul,,,Weapon,
2117,,Admantium Maul,,,Weapon,
2118,,Admantium Maul,,,Weapon,
2119,,Admantium Maul,,,Weapon,
2136,,Admantium Maul,,,Weapon,
2137,,Admantium Maul,,,Weapon,
2138,,Admantium Maul,,,Weapon,
2139,,Admantium Maul,,,Weapon,
2140,,Admantium Maul,,,Weapon,
2141,,Admantium Maul,,,Weapon,
2142,,Admantium Maul,,,Weapon,
2143,,Admantium Maul,,,Weapon,